Cites,Authors,Title,Year,Source,Publisher,ArticleURL,CitesURL,GSRank,QueryDate,Type,DOI,ISSN,CitationURL,Volume,Issue,StartPage,EndPage,ECC,CitesPerYear,CitesPerAuthor,AuthorCount,Age,Abstract,FullTextURL,RelatedURL
184,"M. Hult","Hypertension, diabetes and overweight: Looming legacies of the biafran famine",2010,"PLoS ONE","","","https://www.scopus.com/inward/citedby.uri?partnerID=HzOxMe3b&scp=78149438429&origin=inward",1,"2021-07-17 16:46:24","Article","10.1371/journal.pone.0013582","1932-6203","https://api.elsevier.com/content/abstract/scopus_id/78149438429",5,10,,,184,16.73,184,1,11,"","",""
171,"A. Luke","Relation between body mass index and body fat in black population samples from Nigeria, Jamaica, and the United States",1997,"American Journal of Epidemiology","","","https://www.scopus.com/inward/citedby.uri?partnerID=HzOxMe3b&scp=0031004262&origin=inward",2,"2021-07-17 16:46:24","Article","10.1093/oxfordjournals.aje.a009159","0002-9262","https://api.elsevier.com/content/abstract/scopus_id/0031004262",145,7,620,628,171,7.13,171,1,24,"","",""
110,"O. Oladapo","A prevalence of cardiometabolic risk factors among a rural Yoruba south-western Nigerian population: A population-based survey",2010,"Cardiovascular Journal of Africa","","","https://www.scopus.com/inward/citedby.uri?partnerID=HzOxMe3b&scp=77649110697&origin=inward",3,"2021-07-17 16:46:24","Article","","1995-1892","https://api.elsevier.com/content/abstract/scopus_id/77649110697",21,1,26,31,110,10.00,110,1,11,"","",""
101,"M. Heo","A meta-analytic investigation of linkage and association of common leptin receptor (LEPR) polymorphisms with body mass index and waist circumference",2002,"International Journal of Obesity","","","https://www.scopus.com/inward/citedby.uri?partnerID=HzOxMe3b&scp=18344396039&origin=inward",4,"2021-07-17 16:46:24","Article","10.1038/sj.ijo.0801990","0307-0565","https://api.elsevier.com/content/abstract/scopus_id/18344396039",26,5,640,646,101,5.32,101,1,19,"","",""
91,"I. Okosun","Association of waist circumference with risk of hypertension and type 2 diabetes in Nigerians, Jamaicans, and African-Americans",1998,"Diabetes Care","","","https://www.scopus.com/inward/citedby.uri?partnerID=HzOxMe3b&scp=0031724918&origin=inward",5,"2021-07-17 16:46:24","Article","10.2337/diacare.21.11.1836","0149-5992","https://api.elsevier.com/content/abstract/scopus_id/0031724918",21,11,1836,1842,91,3.96,91,1,23,"","",""
78,"I. Ulasi","High prevalence and low awareness of hypertension in a market population in Enugu, Nigeria",2011,"International Journal of Hypertension","","","https://www.scopus.com/inward/citedby.uri?partnerID=HzOxMe3b&scp=84867007060&origin=inward",6,"2021-07-17 16:46:24","Article","10.4061/2011/869675","2090-0384","https://api.elsevier.com/content/abstract/scopus_id/84867007060",2011,,,,78,7.80,78,1,10,"","",""
57,"S. Olatunbosun","Hypertension in a black population: Prevalence and biosocial determinants of high blood pressure in a group of urban Nigerians",2000,"Journal of Human Hypertension","","","https://www.scopus.com/inward/citedby.uri?partnerID=HzOxMe3b&scp=0034034326&origin=inward",7,"2021-07-17 16:46:24","Article","10.1038/sj.jhh.1000975","0950-9240","https://api.elsevier.com/content/abstract/scopus_id/0034034326",14,4,249,257,57,2.71,57,1,21,"","",""
51,"S.A. Isezuo","Prevalence, associated factors and relationship between prehypertension and hypertension: A study of two ethnic African populations in Northern Nigeria",2011,"Journal of Human Hypertension","","","https://www.scopus.com/inward/citedby.uri?partnerID=HzOxMe3b&scp=79952816475&origin=inward",8,"2021-07-17 16:46:24","Article","10.1038/jhh.2010.56","0950-9240","https://api.elsevier.com/content/abstract/scopus_id/79952816475",25,4,224,230,51,5.10,51,1,10,"","",""
50,"O. Adediran","Impact of urbanization and gender on frequency of metabolic syndrome among native Abuja settlers in Nigeria",2012,"Journal of Cardiovascular Disease Research","","https://api.elsevier.com/content/article/eid/1-s2.0-S0975358312330039","https://www.scopus.com/inward/citedby.uri?partnerID=HzOxMe3b&scp=84864668644&origin=inward",9,"2021-07-17 16:46:24","Article","10.4103/0975-3583.98890","0975-3583","https://api.elsevier.com/content/abstract/scopus_id/84864668644",3,3,191,196,50,5.56,50,1,9,"","",""
45,"I. Okosun","Predictive value of abdominal obesity cut-off points for hypertension in Blacks from West African and Caribbean island nations",2000,"International Journal of Obesity","","","https://www.scopus.com/inward/citedby.uri?partnerID=HzOxMe3b&scp=0033975603&origin=inward",10,"2021-07-17 16:46:24","Article","10.1038/sj.ijo.0801104","0307-0565","https://api.elsevier.com/content/abstract/scopus_id/0033975603",24,2,180,186,45,2.14,45,1,21,"","",""
42,"C.A. Onyekwere","Non-alcoholic fatty liver disease and the metabolic syndrome in an urban hospital serving an African community",2011,"Annals of Hepatology","","https://api.elsevier.com/content/article/eid/1-s2.0-S1665268119315595","https://www.scopus.com/inward/citedby.uri?partnerID=HzOxMe3b&scp=79956057030&origin=inward",11,"2021-07-17 16:46:24","Article","10.1016/s1665-2681(19)31559-5","1665-2681","https://api.elsevier.com/content/abstract/scopus_id/79956057030",10,2,119,124,42,4.20,42,1,10,"","",""
37,"T. Ogundiran","Body fat distribution and breast cancer risk: Findings from the Nigerian breast cancer study",2012,"Cancer Causes and Control","","","https://www.scopus.com/inward/citedby.uri?partnerID=HzOxMe3b&scp=84862505591&origin=inward",12,"2021-07-17 16:46:24","Article","10.1007/s10552-012-9916-y","0957-5243","https://api.elsevier.com/content/abstract/scopus_id/84862505591",23,4,565,574,37,4.11,37,1,9,"","",""
33,"K. Meilleur","Circulating adiponectin is associated with obesity and serum lipids in West Africans",2010,"Journal of Clinical Endocrinology and Metabolism","","https://api.elsevier.com/content/article/eid/1-s2.0-S0021972X1060554X","https://www.scopus.com/inward/citedby.uri?partnerID=HzOxMe3b&scp=77954942861&origin=inward",13,"2021-07-17 16:46:24","Article","10.1210/jc.2009-2765","0021-972X","https://api.elsevier.com/content/abstract/scopus_id/77954942861",95,7,3517,3521,33,3.00,33,1,11,"","",""
30,"I. Okosun","Abdominal adiposity in six populations of West African descent: Prevalence and population attributable fraction of hypertension",1999,"Obesity Research","","","https://www.scopus.com/inward/citedby.uri?partnerID=HzOxMe3b&scp=0033193220&origin=inward",14,"2021-07-17 16:46:24","Article","10.1002/j.1550-8528.1999.tb00433.x","1071-7323","https://api.elsevier.com/content/abstract/scopus_id/0033193220",7,5,453,462,30,1.36,30,1,22,"","",""
30,"R. Wilks","Obesity in peoples of the African diaspora",1996,"CIBA Foundation Symposia","","","https://www.scopus.com/inward/citedby.uri?partnerID=HzOxMe3b&scp=0030346225&origin=inward",15,"2021-07-17 16:46:24","Article","","0300-5208","https://api.elsevier.com/content/abstract/scopus_id/0030346225",,201,37,53,30,1.20,30,1,25,"","",""
29,"G. Ahaneku","Evaluation of blood pressure and indices of obesity in a typical rural community in eastern Nigeria",2011,"Annals of African Medicine","","","https://www.scopus.com/inward/citedby.uri?partnerID=HzOxMe3b&scp=79959968829&origin=inward",16,"2021-07-17 16:46:24","Article","10.4103/1596-3519.82076","1596-3519","https://api.elsevier.com/content/abstract/scopus_id/79959968829",10,2,120,126,29,2.90,29,1,10,"","",""
26,"C. Ononamadu","Comparative analysis of anthropometric indices of obesity as correlates and potential predictors of risk for hypertension and prehypertension in a population in Nigeria",2017,"Cardiovascular Journal of Africa","","","https://www.scopus.com/inward/citedby.uri?partnerID=HzOxMe3b&scp=85018646875&origin=inward",17,"2021-07-17 16:46:24","Article","10.5830/CVJA-2016-061","1995-1892","https://api.elsevier.com/content/abstract/scopus_id/85018646875",28,2,92,99,26,6.50,26,1,4,"","",""
26,"J. Najafian","Association between sleep duration and diabetes mellitus: Isfahan Healthy Heart Program",2013,"Nigerian Journal of Clinical Practice","","","https://www.scopus.com/inward/citedby.uri?partnerID=HzOxMe3b&scp=84873667601&origin=inward",18,"2021-07-17 16:46:24","Article","10.4103/1119-3077.106756","1119-3077","https://api.elsevier.com/content/abstract/scopus_id/84873667601",16,1,59,62,26,3.25,26,1,8,"","",""
24,"K. Ekoru","Deriving an optimal threshold of waist circumference for detecting cardiometabolic risk in sub-Saharan Africa",2018,"International Journal of Obesity","","","https://www.scopus.com/inward/citedby.uri?partnerID=HzOxMe3b&scp=85044568778&origin=inward",19,"2021-07-17 16:46:24","Article","10.1038/ijo.2017.240","0307-0565","https://api.elsevier.com/content/abstract/scopus_id/85044568778",42,3,487,494,24,8.00,24,1,3,"","",""
24,"M. Ebesunun","Elevated plasma homocysteine in type 2 diabetes mellitus: A risk factor for cardiovascular diseases",2012,"Pan African Medical Journal","","","https://www.scopus.com/inward/citedby.uri?partnerID=HzOxMe3b&scp=84871498852&origin=inward",20,"2021-07-17 16:46:24","Article","","1937-8688","https://api.elsevier.com/content/abstract/scopus_id/84871498852",12,1,,,24,2.67,24,1,9,"","",""
23,"A.A. Adeyemo","ZRANB3 is an African-specific type 2 diabetes locus associated with beta-cell mass and insulin response",2019,"Nature Communications","","","https://www.scopus.com/inward/citedby.uri?partnerID=HzOxMe3b&scp=85069469543&origin=inward",21,"2021-07-17 16:46:24","Article","10.1038/s41467-019-10967-7","2041-1723","https://api.elsevier.com/content/abstract/scopus_id/85069469543",10,1,,,23,11.50,23,1,2,"","",""
23,"O. Ayodele","Prevalence and clinical correlates of metabolic syndrome in nigerians living with human immunodeficiency virus/acquired immunodeficiency syndrome",2012,"Metabolic Syndrome and Related Disorders","","","https://www.scopus.com/inward/citedby.uri?partnerID=HzOxMe3b&scp=84872872827&origin=inward",22,"2021-07-17 16:46:24","Article","10.1089/met.2012.0050","1540-4196","https://api.elsevier.com/content/abstract/scopus_id/84872872827",10,5,373,379,23,2.56,23,1,9,"","",""
23,"B. Onwubere","Pattern of blood pressure indices among the residents of a rural community in south east Nigeria",2011,"International Journal of Hypertension","","","https://www.scopus.com/inward/citedby.uri?partnerID=HzOxMe3b&scp=84868286197&origin=inward",23,"2021-07-17 16:46:24","Article","10.4061/2011/621074","2090-0384","https://api.elsevier.com/content/abstract/scopus_id/84868286197",2011,,,,23,2.30,23,1,10,"","",""
23,"I.O. Amole","The prevalence of abdominal obesity and hypertension amongst adults in Ogbomoso, Nigeria",2011,"African Journal of Primary Health Care and Family Medicine","","","https://www.scopus.com/inward/citedby.uri?partnerID=HzOxMe3b&scp=84861865886&origin=inward",24,"2021-07-17 16:46:24","Article","10.4102/phcfm.v3i1.188","2071-2928","https://api.elsevier.com/content/abstract/scopus_id/84861865886",3,1,,,23,2.30,23,1,10,"","",""
22,"O. Ogah","Prevalence and determinants of hypertension in Abia State Nigeria: Results from the Abia State non-communicable diseases and cardiovascular risk factors survey",2013,"Ethnicity and Disease","","","https://www.scopus.com/inward/citedby.uri?partnerID=HzOxMe3b&scp=84875770009&origin=inward",25,"2021-07-17 16:46:24","Article","","1049-510X","https://api.elsevier.com/content/abstract/scopus_id/84875770009",23,2,161,167,22,2.75,22,1,8,"","",""
21,"Y. Commodore-Mensah","Sex differences in cardiovascular disease risk of ghanaian-and nigerian-born west african immigrants in the united states: The afro-cardiac study",2016,"Journal of the American Heart Association","","","https://www.scopus.com/inward/citedby.uri?partnerID=HzOxMe3b&scp=85002953621&origin=inward",26,"2021-07-17 16:46:24","Article","10.1161/JAHA.115.002385","2047-9980","https://api.elsevier.com/content/abstract/scopus_id/85002953621",5,2,1,13,21,4.20,21,1,5,"","",""
21,"B.F. Oyeyemi","Sexual dimorphism in ratio of second and fourth digits and its relationship with metabolic syndrome indices and cardiovascular risk factors",2014,"Journal of Research in Medical Sciences","","","https://www.scopus.com/inward/citedby.uri?partnerID=HzOxMe3b&scp=84900325499&origin=inward",27,"2021-07-17 16:46:24","Article","","1735-1995","https://api.elsevier.com/content/abstract/scopus_id/84900325499",19,3,234,239,21,3.00,21,1,7,"","",""
20,"R. Oluyombo","A community study of the prevalence, risk factors and pattern of chronic kidney disease in Osun State, South West Nigeria",2013,"West African journal of medicine","","","https://www.scopus.com/inward/citedby.uri?partnerID=HzOxMe3b&scp=84907522055&origin=inward",28,"2021-07-17 16:46:24","Article","","0189-160X","https://api.elsevier.com/content/abstract/scopus_id/84907522055",32,2,85,92,20,2.50,20,1,8,"","",""
20,"M. Owolabi","Which risk factors are more associated with ischemic rather than hemorrhagic stroke in black Africans?",2013,"Clinical Neurology and Neurosurgery","","https://api.elsevier.com/content/article/eid/1-s2.0-S0303846713002606","https://www.scopus.com/inward/citedby.uri?partnerID=HzOxMe3b&scp=84884535147&origin=inward",29,"2021-07-17 16:46:24","Article","10.1016/j.clineuro.2013.07.015","0303-8467","https://api.elsevier.com/content/abstract/scopus_id/84884535147",115,10,2069,2074,20,2.50,20,1,8,"","",""
20,"E. Odum","Plasma concentrations of water-soluble vitamins in metabolic syndrome subjects",2012,"Nigerian Journal of Clinical Practice","","","https://www.scopus.com/inward/citedby.uri?partnerID=HzOxMe3b&scp=84871664165&origin=inward",30,"2021-07-17 16:46:24","Article","10.4103/1119-3077.104522","1119-3077","https://api.elsevier.com/content/abstract/scopus_id/84871664165",15,4,442,447,20,2.22,20,1,9,"","",""
20,"A. Akintunde","Metabolic syndrome: Comparison of occurrence using three definitions in hypertensive patients",2011,"Clinical Medicine and Research","","","https://www.scopus.com/inward/citedby.uri?partnerID=HzOxMe3b&scp=79953268451&origin=inward",31,"2021-07-17 16:46:24","Article","10.3121/cmr.2010.902","1539-4182","https://api.elsevier.com/content/abstract/scopus_id/79953268451",9,1,26,31,20,2.00,20,1,10,"","",""
18,"B. Chiliza","Combining depot antipsychotic with an assertive monitoring programme for treating first-episode schizophrenia in a resource-constrained setting",2016,"Early Intervention in Psychiatry","","","https://www.scopus.com/inward/citedby.uri?partnerID=HzOxMe3b&scp=84954026436&origin=inward",32,"2021-07-17 16:46:24","Article","10.1111/eip.12141","1751-7885","https://api.elsevier.com/content/abstract/scopus_id/84954026436",10,1,54,62,18,3.60,18,1,5,"","",""
18,"A. Samtia","A multifactorial intervention to enhance adherence to medications and disease-related knowledge in type 2 diabetic patients in Southern Punjab, Pakistan",2013,"Tropical Journal of Pharmaceutical Research","","","https://www.scopus.com/inward/citedby.uri?partnerID=HzOxMe3b&scp=84885742628&origin=inward",33,"2021-07-17 16:46:24","Article","10.4314/tjpr.v12i5.28","1596-5996","https://api.elsevier.com/content/abstract/scopus_id/84885742628",12,5,851,856,18,2.25,18,1,8,"","",""
18,"O. Oguntibeju","Health behaviour and quality of life of patients with type 2 diabetes attending selected Hospitals in South Western Nigeria",2012,"West Indian Medical Journal","","","https://www.scopus.com/inward/citedby.uri?partnerID=HzOxMe3b&scp=84872518911&origin=inward",34,"2021-07-17 16:46:24","Article","","0043-3144","https://api.elsevier.com/content/abstract/scopus_id/84872518911",61,6,,,18,2.00,18,1,9,"","",""
18,"A.O. Sola","Underweight, overweight and obesity in adults Nigerians living in rural and urban communities of Benue State",2011,"Annals of African Medicine","","","https://www.scopus.com/inward/citedby.uri?partnerID=HzOxMe3b&scp=79960001324&origin=inward",35,"2021-07-17 16:46:24","Article","10.4103/1596-3519.82081","1596-3519","https://api.elsevier.com/content/abstract/scopus_id/79960001324",10,2,139,143,18,1.80,18,1,10,"","",""
17,"C.E. Okereke","Evaluation of some anthropometric indices for the diagnosis of obesity in pregnancy in Nigeria: A cross-sectional study",2013,"African Health Sciences","","","https://www.scopus.com/inward/citedby.uri?partnerID=HzOxMe3b&scp=84893907742&origin=inward",36,"2021-07-17 16:46:24","Article","10.4314/ahs.v13i4.25","1680-6905","https://api.elsevier.com/content/abstract/scopus_id/84893907742",13,4,1034,1040,17,2.13,17,1,8,"","",""
17,"C. Ejike","Obesity in young-adult Nigerians: Variations in prevalence determined by anthropometry and bioelectrical impedance analysis, and the development of % body fat prediction equations",2012,"International Archives of Medicine","","","https://www.scopus.com/inward/citedby.uri?partnerID=HzOxMe3b&scp=84865254935&origin=inward",37,"2021-07-17 16:46:24","Article","10.1186/1755-7682-5-22","1755-7682","https://api.elsevier.com/content/abstract/scopus_id/84865254935",5,1,,,17,1.89,17,1,9,"","",""
17,"J. Ekezie","Impact of urbanization on obesity, anthropometric profile and blood pressure in the Igbos of Nigeria",2011,"North American Journal of Medical Sciences","","","https://www.scopus.com/inward/citedby.uri?partnerID=HzOxMe3b&scp=79955652016&origin=inward",38,"2021-07-17 16:46:24","Article","10.4297/najms.2011.3242","1947-2714","https://api.elsevier.com/content/abstract/scopus_id/79955652016",3,5,242,246,17,1.70,17,1,10,"","",""
17,"O. Johnson","Isometric endurance of the back extensors in school-aged adolescents with and without low back pain",2009,"Journal of Back and Musculoskeletal Rehabilitation","","","https://www.scopus.com/inward/citedby.uri?partnerID=HzOxMe3b&scp=77149121400&origin=inward",39,"2021-07-17 16:46:24","Article","10.3233/BMR-2009-0235","1053-8127","https://api.elsevier.com/content/abstract/scopus_id/77149121400",22,4,205,211,17,1.42,17,1,12,"","",""
16,"M. Olamoyegun","Evaluation of dyslipidemia, lipid ratios, and atherogenic index as cardiovascular risk factors among semi-urban dwellers in Nigeria",2016,"Annals of African Medicine","","","https://www.scopus.com/inward/citedby.uri?partnerID=HzOxMe3b&scp=84999143144&origin=inward",40,"2021-07-17 16:46:24","Article","10.4103/1596-3519.194280","1596-3519","https://api.elsevier.com/content/abstract/scopus_id/84999143144",15,4,194,199,16,3.20,16,1,5,"","",""
16,"I. Chukwuonye","Prevalence of abdominal obesity in Abia state, Nigeria: Results of a population-based house-to-house survey",2013,"Diabetes, Metabolic Syndrome and Obesity: Targets and Therapy","","","https://www.scopus.com/inward/citedby.uri?partnerID=HzOxMe3b&scp=84881074788&origin=inward",41,"2021-07-17 16:46:24","Article","10.2147/DMSO.S43545","1178-7007","https://api.elsevier.com/content/abstract/scopus_id/84881074788",6,,285,291,16,2.00,16,1,8,"","",""
16,"I. Siminialayi","The prevalence of obesity as indicated by BMI and waist circumference among Nigerian adults attending family medicine clinics as outpatients in Rivers State.",2008,"Nigerian journal of medicine : journal of the National Association of Resident Doctors of Nigeria","","","https://www.scopus.com/inward/citedby.uri?partnerID=HzOxMe3b&scp=55249103109&origin=inward",42,"2021-07-17 16:46:24","Article","10.4314/njm.v17i3.37407","1115-2613","https://api.elsevier.com/content/abstract/scopus_id/55249103109",17,3,340,345,16,1.23,16,1,13,"","",""
16,"S. Isezuo","Is high density lipoprotein cholesterol useful in diagnosis of metabolic syndrome in native Africans with type 2 diabetes?",2005,"Ethnicity and Disease","","","https://www.scopus.com/inward/citedby.uri?partnerID=HzOxMe3b&scp=14644444168&origin=inward",43,"2021-07-17 16:46:24","Article","","1049-510X","https://api.elsevier.com/content/abstract/scopus_id/14644444168",15,1,6,10,16,1.00,16,1,16,"","",""
15,"S.O. Iwuala","Obesity among health service providers in nigeria: Danger to long term health worker retention?",2015,"Pan African Medical Journal","","","https://www.scopus.com/inward/citedby.uri?partnerID=HzOxMe3b&scp=84944888055&origin=inward",44,"2021-07-17 16:46:24","Article","10.11604/pamj.2015.22.1.5586","1937-8688","https://api.elsevier.com/content/abstract/scopus_id/84944888055",22,,,,15,2.50,15,1,6,"","",""
15,"C. Ejike","Synergistic postprandial blood glucose modulatory properties of Vernonia amygdalina (Del.), Gongronema latifolium (Benth.) and Occimum gratissimum (Linn.) aqueous decoctions",2013,"Journal of Ethnopharmacology","","https://api.elsevier.com/content/article/eid/1-s2.0-S0378874113004121","https://www.scopus.com/inward/citedby.uri?partnerID=HzOxMe3b&scp=84882268810&origin=inward",45,"2021-07-17 16:46:24","Article","10.1016/j.jep.2013.06.009","0378-8741","https://api.elsevier.com/content/abstract/scopus_id/84882268810",149,1,111,116,15,1.88,15,1,8,"","",""
15,"C.I. Okafor","Pattern of dyslipidaemia among nigerians with type 2 diabetes mellitus",2008,"Nigerian Journal of Clinical Practice","","","https://www.scopus.com/inward/citedby.uri?partnerID=HzOxMe3b&scp=51149114014&origin=inward",46,"2021-07-17 16:46:24","Article","","1119-3077","https://api.elsevier.com/content/abstract/scopus_id/51149114014",11,1,25,31,15,1.15,15,1,13,"","",""
15,"F. Puepet","Prevalence of risk factors for diabetes mellitus in a non-diabetic population in Jos, Nigeria.",2008,"Nigerian journal of medicine : journal of the National Association of Resident Doctors of Nigeria","","","https://www.scopus.com/inward/citedby.uri?partnerID=HzOxMe3b&scp=42949139915&origin=inward",47,"2021-07-17 16:46:24","Article","10.4314/njm.v17i1.37360","1115-2613","https://api.elsevier.com/content/abstract/scopus_id/42949139915",17,1,71,74,15,1.15,15,1,13,"","",""
14,"I. Udenze","Thyroid function in adult Nigerians with metabolic syndrome",2014,"Pan African Medical Journal","","","https://www.scopus.com/inward/citedby.uri?partnerID=HzOxMe3b&scp=84907352403&origin=inward",48,"2021-07-17 16:46:24","Article","10.11604/pamj.2014.18.352.4551","1937-8688","https://api.elsevier.com/content/abstract/scopus_id/84907352403",18,,,,14,2.00,14,1,7,"","",""
14,"O.S. Adediran","Anthropometric differences among natives of Abuja living in urban and rural communities: Correlations with other cardiovascular risk factors",2013,"BMC Research Notes","","","https://www.scopus.com/inward/citedby.uri?partnerID=HzOxMe3b&scp=84875335767&origin=inward",49,"2021-07-17 16:46:24","Article","10.1186/1756-0500-6-123","1756-0500","https://api.elsevier.com/content/abstract/scopus_id/84875335767",6,1,,,14,1.75,14,1,8,"","",""
14,"I.O. Senbanjo","Obesity and blood pressure levels of adolescents in Abeokuta, Nigeria",2012,"Cardiovascular Journal of Africa","","","https://www.scopus.com/inward/citedby.uri?partnerID=HzOxMe3b&scp=84864416160&origin=inward",50,"2021-07-17 16:46:24","Article","10.5830/CVJA-2011-037","1995-1892","https://api.elsevier.com/content/abstract/scopus_id/84864416160",23,5,260,264,14,1.56,14,1,9,"","",""
14,"R. Ekore","Case finding for hypertension in young adult patients attending a Missionary Hospital in Nigeria",2009,"African Health Sciences","","","https://www.scopus.com/inward/citedby.uri?partnerID=HzOxMe3b&scp=77949511376&origin=inward",51,"2021-07-17 16:46:24","Article","","1680-6905","https://api.elsevier.com/content/abstract/scopus_id/77949511376",9,3,193,199,14,1.17,14,1,12,"","",""
13,"C. Ezekwesili","Epidemiological survey of hypertension in Anambra state, Nigeria",2016,"Nigerian Journal of Clinical Practice","","","https://www.scopus.com/inward/citedby.uri?partnerID=HzOxMe3b&scp=84983657039&origin=inward",52,"2021-07-17 16:46:24","Article","10.4103/1119-3077.188710","1119-3077","https://api.elsevier.com/content/abstract/scopus_id/84983657039",19,5,659,667,13,2.60,13,1,5,"","",""
13,"E. Akpan","Prevalence of hypertension in akwa ibom state, south-south nigeria: Rural versus urban communities study",2015,"International Journal of Hypertension","","","https://www.scopus.com/inward/citedby.uri?partnerID=HzOxMe3b&scp=84934972880&origin=inward",53,"2021-07-17 16:46:24","Article","10.1155/2015/975819","2090-0384","https://api.elsevier.com/content/abstract/scopus_id/84934972880",2015,,,,13,2.17,13,1,6,"","",""
13,"C.E. Ezenwaka","High prevalence of abdominal obesity increases the risk of the metabolic syndrome in Nigerian type 2 diabetes patients: Using the international diabetes federation worldwide definition",2014,"Metabolic Syndrome and Related Disorders","","","https://www.scopus.com/inward/citedby.uri?partnerID=HzOxMe3b&scp=84901418864&origin=inward",54,"2021-07-17 16:46:24","Article","10.1089/met.2013.0139","1540-4196","https://api.elsevier.com/content/abstract/scopus_id/84901418864",12,5,277,282,13,1.86,13,1,7,"","",""
13,"B. Okeahialam","Cardiovascular epidemiological transition in a rural habitat of Nigeria: The case of mangu local government area",2012,"West African Journal of Medicine","","","https://www.scopus.com/inward/citedby.uri?partnerID=HzOxMe3b&scp=84889004554&origin=inward",55,"2021-07-17 16:46:24","Article","","0189-160X","https://api.elsevier.com/content/abstract/scopus_id/84889004554",31,1,14,18,13,1.44,13,1,9,"","",""
13,"U. Odenigbo","Relationship of waist circumference, waist hip ratio and body mass index as predictors of obesity in adult Nigerians",2011,"Pakistan Journal of Nutrition","","","https://www.scopus.com/inward/citedby.uri?partnerID=HzOxMe3b&scp=79951745125&origin=inward",56,"2021-07-17 16:46:24","Article","10.3923/pjn.2011.15.18","1680-5194","https://api.elsevier.com/content/abstract/scopus_id/79951745125",10,1,15,18,13,1.30,13,1,10,"","",""
13,"C.R.B. Oguntona","Anthropometric survey of the elderly in south-western Nigeria",2000,"Annals of Human Biology","","","https://www.scopus.com/inward/citedby.uri?partnerID=HzOxMe3b&scp=0034063477&origin=inward",57,"2021-07-17 16:46:24","Article","10.1080/030144600282145","0301-4460","https://api.elsevier.com/content/abstract/scopus_id/0034063477",27,3,257,262,13,0.62,13,1,21,"","",""
12,"E.N. Adejumo","Anthropometric parameter that best predict metabolic syndrome in South west Nigeria",2019,"Diabetes and Metabolic Syndrome: Clinical Research and Reviews","","https://api.elsevier.com/content/article/eid/1-s2.0-S1871402118303199","https://www.scopus.com/inward/citedby.uri?partnerID=HzOxMe3b&scp=85052740945&origin=inward",58,"2021-07-17 16:46:24","Article","10.1016/j.dsx.2018.08.009","1871-4021","https://api.elsevier.com/content/abstract/scopus_id/85052740945",13,1,48,54,12,6.00,12,1,2,"","",""
12,"F. Okpokowuruk","Prevalence of hypertension and prehypertension among children and adolescents in a semi-urban area of uyo metropolis, Nigeria",2017,"Pan African Medical Journal","","","https://www.scopus.com/inward/citedby.uri?partnerID=HzOxMe3b&scp=85041589002&origin=inward",59,"2021-07-17 16:46:24","Article","10.11604/pamj.2017.28.303.14396","1937-8688","https://api.elsevier.com/content/abstract/scopus_id/85041589002",28,,,,12,3.00,12,1,4,"","",""
12,"E. Anyabolu","Prevalence and predictors of chronic kidney disease in newly diagnosed human immunodeficiency virus patients in Owerri, Nigeria",2016,"Indian Journal of Nephrology","","","https://www.scopus.com/inward/citedby.uri?partnerID=HzOxMe3b&scp=84954305621&origin=inward",60,"2021-07-17 16:46:24","Article","10.4103/0971-4065.156115","0971-4065","https://api.elsevier.com/content/abstract/scopus_id/84954305621",26,1,10,15,12,2.40,12,1,5,"","",""
12,"A.M. Adeoye","Excess Metabolic Syndrome Risks Among Women Health Workers Compared With Men",2015,"Journal of Clinical Hypertension","","","https://www.scopus.com/inward/citedby.uri?partnerID=HzOxMe3b&scp=84945435748&origin=inward",61,"2021-07-17 16:46:24","Article","10.1111/jch.12595","1524-6175","https://api.elsevier.com/content/abstract/scopus_id/84945435748",17,11,880,884,12,2.00,12,1,6,"","",""
12,"C. Osuji","Serum lipid profile of newly diagnosed hypertensive patients in Nnewi, South-East nigeria",2012,"International Journal of Hypertension","","","https://www.scopus.com/inward/citedby.uri?partnerID=HzOxMe3b&scp=84871844489&origin=inward",62,"2021-07-17 16:46:24","Article","10.1155/2012/710486","2090-0384","https://api.elsevier.com/content/abstract/scopus_id/84871844489",2012,,,,12,1.33,12,1,9,"","",""
12,"O.A. Fasanmade","Magnitude and gender distribution of obesity and abdominal adiposity in Nigerians with type 2 diabetes mellitus.",2007,"Nigerian journal of clinical practice","","","https://www.scopus.com/inward/citedby.uri?partnerID=HzOxMe3b&scp=35248867412&origin=inward",63,"2021-07-17 16:46:24","Article","","1119-3077","https://api.elsevier.com/content/abstract/scopus_id/35248867412",10,1,52,57,12,0.86,12,1,14,"","",""
11,"I.D. Osegbe","Risk factors and assessment for cardiovascular disease among HIV-positive patients attending a nigerian tertiary hospital",2016,"Pan African Medical Journal","","","https://www.scopus.com/inward/citedby.uri?partnerID=HzOxMe3b&scp=84969677825&origin=inward",64,"2021-07-17 16:46:24","Article","10.11604/pamj.2016.23.206.7041","1937-8688","https://api.elsevier.com/content/abstract/scopus_id/84969677825",23,,,,11,2.20,11,1,5,"","",""
11,"C. Alikor","EPIDEMIOLOGY OF DIABETES AND IMPAIRED FASTING GLUCOSE IN A RURAL COMMUNITY OF NIGERIAN NIGER DELTA REGION",2015,"Nigerian journal of medicine : journal of the National Association of Resident Doctors of Nigeria","","","https://www.scopus.com/inward/citedby.uri?partnerID=HzOxMe3b&scp=84942617258&origin=inward",65,"2021-07-17 16:46:24","Article","","1115-2613","https://api.elsevier.com/content/abstract/scopus_id/84942617258",24,2,114,124,11,1.83,11,1,6,"","",""
11,"A. Ezeukwu","Anthropometric measures of adiposity as correlates of atherogenic index of plasma in non-obese sedentary Nigerian males",2014,"Libyan Journal of Medicine","","","https://www.scopus.com/inward/citedby.uri?partnerID=HzOxMe3b&scp=84898716055&origin=inward",66,"2021-07-17 16:46:24","Article","10.3402/ljm.v9.23798","1993-2820","https://api.elsevier.com/content/abstract/scopus_id/84898716055",9,1,,,11,1.57,11,1,7,"","",""
11,"A. Sabir","Dysglycaemia and its risk factors in an urban Fulani population of northern Nigeria.",2011,"West African journal of medicine","","","https://www.scopus.com/inward/citedby.uri?partnerID=HzOxMe3b&scp=84890407410&origin=inward",67,"2021-07-17 16:46:24","Article","","0189-160X","https://api.elsevier.com/content/abstract/scopus_id/84890407410",30,5,325,330,11,1.10,11,1,10,"","",""
11,"S. Ghazali","Waist circumference, waist to hip ratio, and body mass index in the diagnosis of metabolic syndrome in nigerian subjects",2010,"Nigerian Journal of Physiological Sciences","","","https://www.scopus.com/inward/citedby.uri?partnerID=HzOxMe3b&scp=84881239476&origin=inward",68,"2021-07-17 16:46:24","Article","","0794-859X","https://api.elsevier.com/content/abstract/scopus_id/84881239476",25,2,187,195,11,1.00,11,1,11,"","",""
10,"F.A. Olatona","Dietary habits and metabolic risk factors for non-communicable diseases in a university undergraduate population",2018,"Journal of Health, Population and Nutrition","","","https://www.scopus.com/inward/citedby.uri?partnerID=HzOxMe3b&scp=85056314762&origin=inward",69,"2021-07-17 16:46:24","Article","10.1186/s41043-018-0152-2","1606-0997","https://api.elsevier.com/content/abstract/scopus_id/85056314762",37,1,,,10,3.33,10,1,3,"","",""
10,"B. Bello-Ovosi","Prevalence and correlates of hypertension and diabetes mellitus in an urban community in north-western Nigeria",2018,"Pan African Medical Journal","","","https://www.scopus.com/inward/citedby.uri?partnerID=HzOxMe3b&scp=85044587224&origin=inward",70,"2021-07-17 16:46:24","Article","10.11604/pamj.2018.29.97.14191","1937-8688","https://api.elsevier.com/content/abstract/scopus_id/85044587224",29,,,,10,3.33,10,1,3,"","",""
10,"A.A. Sabir","Metabolic syndrome in urban city of North-Western Nigeria: Prevalence and determinants",2016,"Pan African Medical Journal","","","https://www.scopus.com/inward/citedby.uri?partnerID=HzOxMe3b&scp=84961121503&origin=inward",71,"2021-07-17 16:46:24","Article","10.11604/pamj.2016.23.19.5806","1937-8688","https://api.elsevier.com/content/abstract/scopus_id/84961121503",23,,,,10,2.00,10,1,5,"","",""
10,"V.M. Oguoma","Maximum accuracy obesity indices for screening metabolic syndrome in Nigeria: A consolidated analysis of four cross-sectional studies",2016,"Diabetes and Metabolic Syndrome: Clinical Research and Reviews","","https://api.elsevier.com/content/article/eid/1-s2.0-S1871402115300850","https://www.scopus.com/inward/citedby.uri?partnerID=HzOxMe3b&scp=84958581172&origin=inward",72,"2021-07-17 16:46:24","Article","10.1016/j.dsx.2016.01.001","1871-4021","https://api.elsevier.com/content/abstract/scopus_id/84958581172",10,3,121,127,10,2.00,10,1,5,"","",""
10,"A.A. Sabir","Rural-urban difference in plasma lipid levels and prevalence of dyslipidemia in hausa-fulani of north-western Nigeria",2013,"Ethnicity and Disease","","","https://www.scopus.com/inward/citedby.uri?partnerID=HzOxMe3b&scp=84884405562&origin=inward",73,"2021-07-17 16:46:24","Article","","1049-510X","https://api.elsevier.com/content/abstract/scopus_id/84884405562",23,3,374,378,10,1.25,10,1,8,"","",""
10,"R. Adedoyin","Relationship between socioeconomic status and metabolic syndrome among Nigerian adults",2013,"Diabetes and Metabolic Syndrome: Clinical Research and Reviews","","https://api.elsevier.com/content/article/eid/1-s2.0-S1871402113000155","https://www.scopus.com/inward/citedby.uri?partnerID=HzOxMe3b&scp=84877742075&origin=inward",74,"2021-07-17 16:46:24","Article","10.1016/j.dsx.2013.02.014","1871-4021","https://api.elsevier.com/content/abstract/scopus_id/84877742075",7,2,91,94,10,1.25,10,1,8,"","",""
10,"R.T. Ikem","A controlled comparison of the effect of a high fiber diet on the glycaemic and lipid profile of Nigerian clinic patients with type 2 diabetes",2007,"Pakistan Journal of Nutrition","","","https://www.scopus.com/inward/citedby.uri?partnerID=HzOxMe3b&scp=33847619810&origin=inward",75,"2021-07-17 16:46:24","Article","10.3923/pjn.2007.111.116","1680-5194","https://api.elsevier.com/content/abstract/scopus_id/33847619810",6,2,111,116,10,0.71,10,1,14,"","",""
9,"A. Olawuyi","The prevalence and associated factors of noncommunicable disease risk factors among civil servants in Ibadan, Nigeria",2018,"PLoS ONE","","","https://www.scopus.com/inward/citedby.uri?partnerID=HzOxMe3b&scp=85053238609&origin=inward",76,"2021-07-17 16:46:24","Article","10.1371/journal.pone.0203587","1932-6203","https://api.elsevier.com/content/abstract/scopus_id/85053238609",13,9,,,9,3.00,9,1,3,"","",""
9,"E. Odum","Elevated cardiac troponin I, creatine kinase and myoglobin and their relationship with cardiovascular risk factors in patients with type 2 diabetes",2018,"Diabetes and Metabolic Syndrome: Clinical Research and Reviews","","https://api.elsevier.com/content/article/eid/1-s2.0-S1871402117303703","https://www.scopus.com/inward/citedby.uri?partnerID=HzOxMe3b&scp=85039419869&origin=inward",77,"2021-07-17 16:46:24","Article","10.1016/j.dsx.2017.12.001","1871-4021","https://api.elsevier.com/content/abstract/scopus_id/85039419869",12,2,141,145,9,3.00,9,1,3,"","",""
9,"S. Uwaezuoke","Primary hypertension among a population of Nigerian secondary school adolescents: Prevalence and correlation with anthropometric indices: A cross-sectional study",2016,"Nigerian Journal of Clinical Practice","","","https://www.scopus.com/inward/citedby.uri?partnerID=HzOxMe3b&scp=84983591568&origin=inward",78,"2021-07-17 16:46:24","Article","10.4103/1119-3077.188706","1119-3077","https://api.elsevier.com/content/abstract/scopus_id/84983591568",19,5,649,654,9,1.80,9,1,5,"","",""
9,"A. Ogunbode","Physical functionality and self-rated health status of adult patients with knee osteoarthritis presenting in a primary care clinic",2014,"Ethiopian journal of health sciences","","","https://www.scopus.com/inward/citedby.uri?partnerID=HzOxMe3b&scp=84964312475&origin=inward",79,"2021-07-17 16:46:24","Article","10.4314/ejhs.v24i4.7","1029-1857","https://api.elsevier.com/content/abstract/scopus_id/84964312475",24,4,319,328,9,1.29,9,1,7,"","",""
9,"T. Akande","Insulin resistance in Nigerians with essential hypertension",2013,"African Health Sciences","","","https://www.scopus.com/inward/citedby.uri?partnerID=HzOxMe3b&scp=84883665591&origin=inward",80,"2021-07-17 16:46:24","Article","10.4314/ahs.v13i3.19","1680-6905","https://api.elsevier.com/content/abstract/scopus_id/84883665591",13,3,655,660,9,1.13,9,1,8,"","",""
9,"C. Okafor","Control to goal of cardiometabolic risk factors among Nigerians living with type 2 diabetes mellitus",2012,"Nigerian Journal of Clinical Practice","","","https://www.scopus.com/inward/citedby.uri?partnerID=HzOxMe3b&scp=84861612059&origin=inward",81,"2021-07-17 16:46:24","Article","10.4103/1119-3077.94089","1119-3077","https://api.elsevier.com/content/abstract/scopus_id/84861612059",15,1,15,18,9,1.00,9,1,9,"","",""
9,"J.M. Oli","Basal insulin resistance and secretion in nigerians with type 2 diabetes mellitus",2009,"Metabolic Syndrome and Related Disorders","","","https://www.scopus.com/inward/citedby.uri?partnerID=HzOxMe3b&scp=73649130634&origin=inward",82,"2021-07-17 16:46:24","Article","10.1089/met.2009.0002","1540-4196","https://api.elsevier.com/content/abstract/scopus_id/73649130634",7,6,595,599,9,0.75,9,1,12,"","",""
8,"T. Ugwu","Clinicopathologic assessment of hypogonadism in men with type 2 diabetes mellitus",2016,"Indian Journal of Endocrinology and Metabolism","","","https://www.scopus.com/inward/citedby.uri?partnerID=HzOxMe3b&scp=84988625292&origin=inward",83,"2021-07-17 16:46:24","Article","10.4103/2230-8210.190554","2230-8210","https://api.elsevier.com/content/abstract/scopus_id/84988625292",20,5,667,673,8,1.60,8,1,5,"","",""
8,"M. Owolabi","Can common carotid intima media thickness serve as an indicator of both cardiovascular phenotype and risk among black Africans?",2015,"European Journal of Preventive Cardiology","","","https://www.scopus.com/inward/citedby.uri?partnerID=HzOxMe3b&scp=84944204340&origin=inward",84,"2021-07-17 16:46:24","Article","10.1177/2047487314547656","2047-4873","https://api.elsevier.com/content/abstract/scopus_id/84944204340",22,11,1442,1451,8,1.33,8,1,6,"","",""
8,"E.U. Nwose","Metabolic syndrome and prediabetes in ndokwa community of nigeria: Preliminary study",2015,"North American Journal of Medical Sciences","","","https://www.scopus.com/inward/citedby.uri?partnerID=HzOxMe3b&scp=84923359587&origin=inward",85,"2021-07-17 16:46:24","Article","10.4103/1947-2714.152079","2250-1541","https://api.elsevier.com/content/abstract/scopus_id/84923359587",7,2,53,58,8,1.33,8,1,6,"","",""
8,"E.O. Okoro","Body size preference among Yoruba in three Nigerian communities",2014,"Eating and Weight Disorders","","","https://www.scopus.com/inward/citedby.uri?partnerID=HzOxMe3b&scp=84898895624&origin=inward",86,"2021-07-17 16:46:24","Article","10.1007/s40519-013-0060-9","1124-4909","https://api.elsevier.com/content/abstract/scopus_id/84898895624",19,1,77,88,8,1.14,8,1,7,"","",""
8,"E.I. Erete","Prevalence and severity of atherosclerosis in extra cranial carotid arteries in Nigeria: an autopsy study",2012,"BMC Cardiovascular Disorders","","","https://www.scopus.com/inward/citedby.uri?partnerID=HzOxMe3b&scp=84869029302&origin=inward",87,"2021-07-17 16:46:24","Article","10.1186/1471-2261-12-106","1471-2261","https://api.elsevier.com/content/abstract/scopus_id/84869029302",12,,,,8,0.89,8,1,9,"","",""
8,"G. Anyanwu","Body size and adiposity indicators and their relationship with blood pressure levels in Ibos of Nigeria.",2011,"Nigerian journal of medicine : journal of the National Association of Resident Doctors of Nigeria","","","https://www.scopus.com/inward/citedby.uri?partnerID=HzOxMe3b&scp=84855165988&origin=inward",88,"2021-07-17 16:46:24","Article","","1115-2613","https://api.elsevier.com/content/abstract/scopus_id/84855165988",20,1,44,51,8,0.80,8,1,10,"","",""
8,"A.O. Ogbera","Lipoprotein (a), C-reactive protein and some metabolic cardiovascular risk factors in type 2 DM",2010,"Diabetology and Metabolic Syndrome","","","https://www.scopus.com/inward/citedby.uri?partnerID=HzOxMe3b&scp=77955529869&origin=inward",89,"2021-07-17 16:46:24","Article","10.1186/1758-5996-2-51","1758-5996","https://api.elsevier.com/content/abstract/scopus_id/77955529869",2,1,,,8,0.73,8,1,11,"","",""
8,"A. Akinpelu","Adiposity and Quality of Life: A Case Study from an Urban Center in Nigeria",2009,"Journal of Nutrition Education and Behavior","","https://api.elsevier.com/content/article/eid/1-s2.0-S1499404609000141","https://www.scopus.com/inward/citedby.uri?partnerID=HzOxMe3b&scp=69249189867&origin=inward",90,"2021-07-17 16:46:24","Article","10.1016/j.jneb.2009.01.006","1499-4046","https://api.elsevier.com/content/abstract/scopus_id/69249189867",41,5,347,352,8,0.67,8,1,12,"","",""
8,"I.O. Senbanjo","Waist circumference values of Nigerian children and adolescents",2009,"Annals of Nutrition and Metabolism","","","https://www.scopus.com/inward/citedby.uri?partnerID=HzOxMe3b&scp=65449123529&origin=inward",91,"2021-07-17 16:46:24","Article","10.1159/000214833","0250-6807","https://api.elsevier.com/content/abstract/scopus_id/65449123529",54,2,145,150,8,0.67,8,1,12,"","",""
7,"R. Oluyombo","Clustering of chronic kidney disease and cardiovascular risk factors in South-West Nigeria",2017,"Journal of Nephropathology","","","https://www.scopus.com/inward/citedby.uri?partnerID=HzOxMe3b&scp=85019905824&origin=inward",92,"2021-07-17 16:46:24","Article","10.15171/jnp.2017.33","2251-8363","https://api.elsevier.com/content/abstract/scopus_id/85019905824",6,3,196,203,7,1.75,7,1,4,"","",""
7,"I. Siminialayi","Prevalence of metabolic syndrome in urban and suburban Rivers State, Nigeria: International Diabetes Federation and Adult Treatment Panel III definitions.",2010,"The Nigerian postgraduate medical journal","","","https://www.scopus.com/inward/citedby.uri?partnerID=HzOxMe3b&scp=78349276612&origin=inward",93,"2021-07-17 16:46:24","Article","","1117-1936","https://api.elsevier.com/content/abstract/scopus_id/78349276612",17,2,147,153,7,0.64,7,1,11,"","",""
6,"F.Y. Muhammad","Metabolic syndrome among HIV infected patients: A comparative cross sectional study in northwestern Nigeria",2017,"Diabetes and Metabolic Syndrome: Clinical Research and Reviews","","https://api.elsevier.com/content/article/eid/1-s2.0-S1871402117300632","https://www.scopus.com/inward/citedby.uri?partnerID=HzOxMe3b&scp=85017384339&origin=inward",94,"2021-07-17 16:46:24","Article","10.1016/j.dsx.2017.03.046","1871-4021","https://api.elsevier.com/content/abstract/scopus_id/85017384339",11,,,,6,1.50,6,1,4,"","",""
6,"S. Muazu","The prevalence and characteristics of latent autoimmune diabetes in adults subset among type two diabetes mellitus patients in Northern Nigeria",2016,"Annals of African Medicine","","","https://www.scopus.com/inward/citedby.uri?partnerID=HzOxMe3b&scp=84999143327&origin=inward",95,"2021-07-17 16:46:24","Article","10.4103/1596-3519.194277","1596-3519","https://api.elsevier.com/content/abstract/scopus_id/84999143327",15,4,163,170,6,1.20,6,1,5,"","",""
6,"A. Ogunbode","Prevalence of low back pain and associated risk factors amongst adult patients presenting to a Nigerian family practice clinic, a hospital-based study",2013,"African Journal of Primary Health Care and Family Medicine","","","https://www.scopus.com/inward/citedby.uri?partnerID=HzOxMe3b&scp=84925879123&origin=inward",96,"2021-07-17 16:46:24","Article","10.4102/phcfm.v5i1.441","2071-2928","https://api.elsevier.com/content/abstract/scopus_id/84925879123",5,1,,,6,0.75,6,1,8,"","",""
6,"A.O. Ogbera","Screening for diabetes mellitus and human immunodefiency virus infection in persons with tuberculosis",2014,"Journal of Preventive Medicine and Hygiene","","","https://www.scopus.com/inward/citedby.uri?partnerID=HzOxMe3b&scp=84910038789&origin=inward",97,"2021-07-17 16:46:24","Article","","1121-2233","https://api.elsevier.com/content/abstract/scopus_id/84910038789",55,2,42,45,6,0.86,6,1,7,"","",""
6,"I. Gezawa","Prevalence of overweight and obesity in Maiduguri, North-Eastern Nigeria.",2013,"Nigerian journal of medicine : journal of the National Association of Resident Doctors of Nigeria","","","https://www.scopus.com/inward/citedby.uri?partnerID=HzOxMe3b&scp=84891647383&origin=inward",98,"2021-07-17 16:46:24","Article","","1115-2613","https://api.elsevier.com/content/abstract/scopus_id/84891647383",22,3,171,174,6,0.75,6,1,8,"","",""
6,"G. Iloh","The magnitude of abdominal adiposity and atherogenic dyslipidemia among geriatric Nigerians with arterial hypertension in a rural hospital in South-eastern Nigeria",2012,"Nigerian Journal of Clinical Practice","","","https://www.scopus.com/inward/citedby.uri?partnerID=HzOxMe3b&scp=84871655861&origin=inward",99,"2021-07-17 16:46:24","Article","10.4103/1119-3077.104528","1119-3077","https://api.elsevier.com/content/abstract/scopus_id/84871655861",15,4,462,468,6,0.67,6,1,9,"","",""
6,"H.A. Oboh","Correlation of waist-hip-ratio and waist-height-ratio to cardiovascular risks factors in a Nigerian population.",2011,"Nigerian quarterly journal of hospital medicine","","","https://www.scopus.com/inward/citedby.uri?partnerID=HzOxMe3b&scp=80053338232&origin=inward",100,"2021-07-17 16:46:24","Article","","0189-2657","https://api.elsevier.com/content/abstract/scopus_id/80053338232",21,1,16,24,6,0.60,6,1,10,"","",""
6,"F. Bello-Sani","Electrocardiographic abnormalities in persons with type 2 diabetes in Kaduna, Northern Nigeria",2009,"International Journal of Diabetes and Metabolism","","","https://www.scopus.com/inward/citedby.uri?partnerID=HzOxMe3b&scp=76149095915&origin=inward",101,"2021-07-17 16:46:24","Article","10.1159/000497680","1606-7754","https://api.elsevier.com/content/abstract/scopus_id/76149095915",17,3,99,103,6,0.50,6,1,12,"","",""
6,"O. Essien","Prevalence and pattern of abnormal glucose tolerance in adult Nigerians with primary hypertension.",2007,"Nigerian journal of medicine : journal of the National Association of Resident Doctors of Nigeria","","","https://www.scopus.com/inward/citedby.uri?partnerID=HzOxMe3b&scp=34447137413&origin=inward",102,"2021-07-17 16:46:24","Article","10.4314/njm.v16i1.37281","1115-2613","https://api.elsevier.com/content/abstract/scopus_id/34447137413",16,1,50,56,6,0.43,6,1,14,"","",""
6,"J. Adeleye","Glucose and insulin responses in offspring of Nigerian Type 2 diabetics.",2002,"African journal of medicine and medical sciences","","","https://www.scopus.com/inward/citedby.uri?partnerID=HzOxMe3b&scp=0038660870&origin=inward",103,"2021-07-17 16:46:24","Article","","0309-3913","https://api.elsevier.com/content/abstract/scopus_id/0038660870",31,3,253,257,6,0.32,6,1,19,"","",""
5,"T.O. Alonge","Factors associated with osteoporosis among older patients at the geriatric centre in Nigeria: A cross-sectional study",2017,"South African Family Practice","","","https://www.scopus.com/inward/citedby.uri?partnerID=HzOxMe3b&scp=85046083899&origin=inward",104,"2021-07-17 16:46:24","Article","10.1080/20786190.2016.1272248","2078-6190","https://api.elsevier.com/content/abstract/scopus_id/85046083899",59,3,87,93,5,1.25,5,1,4,"","",""
5,"K. Akinlade","Vitamin D levels in different severity groups of schizophrenia",2017,"Frontiers in Psychiatry","","","https://www.scopus.com/inward/citedby.uri?partnerID=HzOxMe3b&scp=85020539895&origin=inward",105,"2021-07-17 16:46:24","Article","10.3389/fpsyt.2017.00105","1664-0640","https://api.elsevier.com/content/abstract/scopus_id/85020539895",8,,,,5,1.25,5,1,4,"","",""
5,"T.O. Olusanya","Non alcoholic fatty liver disease in a Nigerian population with type II diabetes mellitus",2016,"Pan African Medical Journal","","","https://www.scopus.com/inward/citedby.uri?partnerID=HzOxMe3b&scp=84975520415&origin=inward",106,"2021-07-17 16:46:24","Article","10.11604/pamj.2016.24.20.8181","1937-8688","https://api.elsevier.com/content/abstract/scopus_id/84975520415",24,,,,5,1.00,5,1,5,"","",""
5,"O. Egbi","Prevalence of hypertension and its correlates among employees of a tertiary hospital in Yenagoa, Nigeria",2015,"Annals of African Medicine","","","https://www.scopus.com/inward/citedby.uri?partnerID=HzOxMe3b&scp=84930517673&origin=inward",107,"2021-07-17 16:46:24","Article","10.4103/1596-3519.148709","1596-3519","https://api.elsevier.com/content/abstract/scopus_id/84930517673",14,1,8,17,5,0.83,5,1,6,"","",""
5,"I. Agalliu","The feasibility of epidemiological research on prostate cancer in African men in Ibadan, Nigeria",2015,"BMC Public Health","","","https://www.scopus.com/inward/citedby.uri?partnerID=HzOxMe3b&scp=84928721066&origin=inward",108,"2021-07-17 16:46:24","Article","10.1186/s12889-015-1754-x","1471-2458","https://api.elsevier.com/content/abstract/scopus_id/84928721066",15,1,,,5,0.83,5,1,6,"","",""
5,"M. Hassan","Effects of fasting on intraocular pressure in a black population",2014,"Middle East African Journal of Ophthalmology","","","https://www.scopus.com/inward/citedby.uri?partnerID=HzOxMe3b&scp=84908670235&origin=inward",109,"2021-07-17 16:46:24","Article","10.4103/0974-9233.142271","0974-9233","https://api.elsevier.com/content/abstract/scopus_id/84908670235",21,4,328,331,5,0.71,5,1,7,"","",""
5,"O.O. Onabanjo","Anthropometric and Iron Status of Adolescents From Selected Secondary Schools in Ogun State, Nigeria",2014,"Infant, Child, and Adolescent Nutrition","","","https://www.scopus.com/inward/citedby.uri?partnerID=HzOxMe3b&scp=84897768110&origin=inward",110,"2021-07-17 16:46:24","Article","10.1177/1941406414520703","1941-4064","https://api.elsevier.com/content/abstract/scopus_id/84897768110",6,2,109,118,5,0.71,5,1,7,"","",""
5,"A.F. Adeniyi","Time course of improvement of metabolic parameters after a 12 week physical exercise Programme in patients with type 2 diabetes: The influence of gender in a Nigerian population",2013,"BioMed Research International","","","https://www.scopus.com/inward/citedby.uri?partnerID=HzOxMe3b&scp=84884216004&origin=inward",111,"2021-07-17 16:46:24","Article","10.1155/2013/310574","2314-6133","https://api.elsevier.com/content/abstract/scopus_id/84884216004",2013,,,,5,0.63,5,1,8,"","",""
5,"I.O. Senbanjo","Body fat distribution of children and adolescents in Abeokuta, Southwest Nigeria",2013,"American Journal of Physical Anthropology","","","https://www.scopus.com/inward/citedby.uri?partnerID=HzOxMe3b&scp=84875264544&origin=inward",112,"2021-07-17 16:46:24","Article","10.1002/ajpa.22241","0002-9483","https://api.elsevier.com/content/abstract/scopus_id/84875264544",150,4,647,654,5,0.63,5,1,8,"","",""
5,"A. Famodu","Anthropometric indices as determinants of haemorheological cardiovascular disease risk factors in Nigerian adults living in a semi-urban community",2009,"Clinical Hemorheology and Microcirculation","","","https://www.scopus.com/inward/citedby.uri?partnerID=HzOxMe3b&scp=75149181441&origin=inward",113,"2021-07-17 16:46:24","Article","10.3233/CH-2009-1244","1386-0291","https://api.elsevier.com/content/abstract/scopus_id/75149181441",43,4,335,344,5,0.42,5,1,12,"","",""
4,"I.M. Paruk","Prevalence of low serum testosterone levels among men with type 2 diabetes mellitus attending two outpatient diabetes clinics in KwaZulu-Natal Province, South Africa",2019,"South African Medical Journal","","","https://www.scopus.com/inward/citedby.uri?partnerID=HzOxMe3b&scp=85076731183&origin=inward",114,"2021-07-17 16:46:24","Article","10.7196/SAMJ.2019.v109i12.13893","0256-9574","https://api.elsevier.com/content/abstract/scopus_id/85076731183",109,12,963,970,4,2.00,4,1,2,"","",""
4,"C. Enechukwu","Oxidative stress markers and lipid profiles of patients with polycystic ovary syndrome in a Nigerian tertiary hospital",2019,"Obstetrics and Gynecology Science","","","https://www.scopus.com/inward/citedby.uri?partnerID=HzOxMe3b&scp=85072568295&origin=inward",115,"2021-07-17 16:46:24","Article","10.5468/ogs.2019.62.5.335","2287-8572","https://api.elsevier.com/content/abstract/scopus_id/85072568295",62,5,335,343,4,2.00,4,1,2,"","",""
4,"I.C. Okpala","Metabolic syndrome and dyslipidemia among nigerians with lichen planus: A cross-sectional study",2019,"Indian Journal of Dermatology","","","https://www.scopus.com/inward/citedby.uri?partnerID=HzOxMe3b&scp=85068979237&origin=inward",116,"2021-07-17 16:46:24","Article","10.4103/ijd.IJD_111_18","0019-5154","https://api.elsevier.com/content/abstract/scopus_id/85068979237",64,4,303,310,4,2.00,4,1,2,"","",""
4,"O. Wariri","Discriminative ability of adiposity measures for elevated blood pressure among adolescents in a resource-constrained setting in northeast Nigeria: A cross-sectional analysis",2018,"BMC Obesity","","","https://www.scopus.com/inward/citedby.uri?partnerID=HzOxMe3b&scp=85058976064&origin=inward",117,"2021-07-17 16:46:24","Article","10.1186/s40608-018-0211-7","2052-9538","https://api.elsevier.com/content/abstract/scopus_id/85058976064",5,1,,,4,1.33,4,1,3,"","",""
4,"C.P. Onyenekwu","The prevalence of metabolic syndrome and its components among overweight and obese Nigerian adolescents and young adults",2017,"Nigerian Journal of Clinical Practice","","","https://www.scopus.com/inward/citedby.uri?partnerID=HzOxMe3b&scp=85028302829&origin=inward",118,"2021-07-17 16:46:24","Article","10.4103/1119-3077.196085","1119-3077","https://api.elsevier.com/content/abstract/scopus_id/85028302829",20,6,670,676,4,1.00,4,1,4,"","",""
4,"E. Egbe","Assessment of anthropometric indices among residents of Calabar, South-East Nigeria",2014,"Indian Journal of Endocrinology and Metabolism","","","https://www.scopus.com/inward/citedby.uri?partnerID=HzOxMe3b&scp=84995777868&origin=inward",119,"2021-07-17 16:46:24","Article","10.4103/2230-8210.131196","2230-8210","https://api.elsevier.com/content/abstract/scopus_id/84995777868",18,3,386,393,4,0.57,4,1,7,"","",""
4,"B. Omisore","Gender comparisons of adolescents' anthropometry and blood pressure in Osun State, South-Western Nigeria",2015,"International Journal of Adolescent Medicine and Health","","","https://www.scopus.com/inward/citedby.uri?partnerID=HzOxMe3b&scp=84939140145&origin=inward",120,"2021-07-17 16:46:24","Article","10.1515/ijamh-2014-0018","0334-0139","https://api.elsevier.com/content/abstract/scopus_id/84939140145",27,3,247,251,4,0.67,4,1,6,"","",""
4,"A. Ipadeola","Latent autoimmune diabetes amongst adults with type 2 diabetes in a Nigerian tertiary hospital",2015,"Primary Care Diabetes","","https://api.elsevier.com/content/article/eid/1-s2.0-S175199181400103X","https://www.scopus.com/inward/citedby.uri?partnerID=HzOxMe3b&scp=84928814921&origin=inward",121,"2021-07-17 16:46:24","Article","10.1016/j.pcd.2014.09.003","1751-9918","https://api.elsevier.com/content/abstract/scopus_id/84928814921",9,3,231,236,4,0.67,4,1,6,"","",""
4,"C.A. Oladoyinbo","Obesity and hypertension amongst traders in Ijebu Ode, Nigeria",2015,"African Journal of Biomedical Research","","","https://www.scopus.com/inward/citedby.uri?partnerID=HzOxMe3b&scp=84927168691&origin=inward",122,"2021-07-17 16:46:24","Article","","1119-5096","https://api.elsevier.com/content/abstract/scopus_id/84927168691",18,1,23,27,4,0.67,4,1,6,"","",""
4,"A.M. Adeoye","Hypertension subtypes among hypertensive patients in Ibadan",2014,"International Journal of Hypertension","","","https://www.scopus.com/inward/citedby.uri?partnerID=HzOxMe3b&scp=84911440479&origin=inward",123,"2021-07-17 16:46:24","Article","10.1155/2014/295916","2090-0384","https://api.elsevier.com/content/abstract/scopus_id/84911440479",2014,,,,4,0.57,4,1,7,"","",""
4,"E. Ajayi","Metabolic syndrome: Prevalence and association with electrocardiographic abnormalities in nigerian hypertensive patients",2014,"Metabolic Syndrome and Related Disorders","","","https://www.scopus.com/inward/citedby.uri?partnerID=HzOxMe3b&scp=84907285637&origin=inward",124,"2021-07-17 16:46:24","Article","10.1089/met.2014.0061","1540-4196","https://api.elsevier.com/content/abstract/scopus_id/84907285637",12,8,437,442,4,0.57,4,1,7,"","",""
4,"F.A. Maruf","Physical activity level and adiposity: are they associated with primary dysmenorrhea in school adolescents?",2013,"African journal of reproductive health","","","https://www.scopus.com/inward/citedby.uri?partnerID=HzOxMe3b&scp=84897018596&origin=inward",125,"2021-07-17 16:46:24","Article","","1118-4841","https://api.elsevier.com/content/abstract/scopus_id/84897018596",17,4,167,174,4,0.50,4,1,8,"","",""
4,"E. Odum","Antioxidant status of subjects with Metabolic Syndrome in Port Harcourt, Nigeria.",2012,"The Nigerian postgraduate medical journal","","","https://www.scopus.com/inward/citedby.uri?partnerID=HzOxMe3b&scp=84879470564&origin=inward",126,"2021-07-17 16:46:24","Article","","1117-1936","https://api.elsevier.com/content/abstract/scopus_id/84879470564",19,4,199,203,4,0.44,4,1,9,"","",""
4,"P. Kolo","Normotensive offspring of hypertensive Nigerians have increased left ventricular mass and abnormal geometric patterns",2012,"Pan African Medical Journal","","","https://www.scopus.com/inward/citedby.uri?partnerID=HzOxMe3b&scp=84862299117&origin=inward",127,"2021-07-17 16:46:24","Article","","1937-8688","https://api.elsevier.com/content/abstract/scopus_id/84862299117",11,,6,6,4,0.44,4,1,9,"","",""
4,"A. Ogbera","Relationship between serum testosterone levels and features of the metabolic syndrome defining criteria in patients with type 2 diabetes mellitus",2011,"West African Journal of Medicine","","","https://www.scopus.com/inward/citedby.uri?partnerID=HzOxMe3b&scp=84862279647&origin=inward",128,"2021-07-17 16:46:24","Article","","0189-160X","https://api.elsevier.com/content/abstract/scopus_id/84862279647",30,4,277,281,4,0.40,4,1,10,"","",""
4,"B. Danborno","Anthropometric and menstrual characteristics of girls from Nigeria and Niger Republic",2008,"Internet Journal of Biological Anthropology","","","https://www.scopus.com/inward/citedby.uri?partnerID=HzOxMe3b&scp=61749092936&origin=inward",129,"2021-07-17 16:46:24","Article","","1939-4594","https://api.elsevier.com/content/abstract/scopus_id/61749092936",2,1,,,4,0.31,4,1,13,"","",""
3,"I.C. Anioke","Predictors of poor glycemic control in adult with type 2 diabetes in South-Eastern Nigeria",2019,"African Health Sciences","","","https://www.scopus.com/inward/citedby.uri?partnerID=HzOxMe3b&scp=85078360856&origin=inward",130,"2021-07-17 16:46:24","Article","10.4314/ahs.v19i4.3","1680-6905","https://api.elsevier.com/content/abstract/scopus_id/85078360856",19,4,2819,2828,3,1.50,3,1,2,"","",""
3,"I.O. Senbanjo","Co-existence of maternal overweight and obesity with childhood undernutrition in rural and urban communities of Lagos State, Nigeria",2019,"Acta Biomedica","","","https://www.scopus.com/inward/citedby.uri?partnerID=HzOxMe3b&scp=85072912380&origin=inward",131,"2021-07-17 16:46:24","Article","10.23750/abm.v90i3.7685","0392-4203","https://api.elsevier.com/content/abstract/scopus_id/85072912380",90,3,266,274,3,1.50,3,1,2,"","",""
3,"S. Olatunbosun","Central Obesity in Africans: Anthropometric Assessment of Abdominal Adiposity and its Predictors in Urban Nigerians",2018,"Journal of the National Medical Association","","https://api.elsevier.com/content/article/eid/1-s2.0-S0027968417301566","https://www.scopus.com/inward/citedby.uri?partnerID=HzOxMe3b&scp=85041309812&origin=inward",132,"2021-07-17 16:46:24","Article","10.1016/j.jnma.2018.01.001","0027-9684","https://api.elsevier.com/content/abstract/scopus_id/85041309812",110,5,519,527,3,1.00,3,1,3,"","",""
3,"O.E. Ogundele","Association of adiponectin gene (ADIPOQ) polymorphisms with measures of obesity in Nigerian young adults",2018,"Egyptian Journal of Medical Human Genetics","","https://api.elsevier.com/content/article/eid/1-s2.0-S1110863017300770","https://www.scopus.com/inward/citedby.uri?partnerID=HzOxMe3b&scp=85027705265&origin=inward",133,"2021-07-17 16:46:24","Article","10.1016/j.ejmhg.2017.08.005","1110-8630","https://api.elsevier.com/content/abstract/scopus_id/85027705265",19,2,123,127,3,1.00,3,1,3,"","",""
3,"S.K. Rahamon","Changes in mediators of inflammation and pro-thrombosis after 12 months of dietary modification in adults with metabolic syndrome",2017,"African Health Sciences","","","https://www.scopus.com/inward/citedby.uri?partnerID=HzOxMe3b&scp=85025076131&origin=inward",134,"2021-07-17 16:46:24","Article","10.4314/ahs.v17i2.20","1680-6905","https://api.elsevier.com/content/abstract/scopus_id/85025076131",17,2,453,462,3,0.75,3,1,4,"","",""
3,"P.O. Ukegbu","Obesity and associated factors in young adults attending tertiary institutions in south-eastern Nigeria",2017,"South African Journal of Clinical Nutrition","","","https://www.scopus.com/inward/citedby.uri?partnerID=HzOxMe3b&scp=85021267038&origin=inward",135,"2021-07-17 16:46:24","Article","10.1080/16070658.2016.1259032","1607-0658","https://api.elsevier.com/content/abstract/scopus_id/85021267038",30,2,43,48,3,0.75,3,1,4,"","",""
3,"A. Ogbera","Cytokines, Type 2 DM and the Metabolic Syndrome",2013,"Nigerian quarterly journal of hospital medicine","","","https://www.scopus.com/inward/citedby.uri?partnerID=HzOxMe3b&scp=84977438877&origin=inward",136,"2021-07-17 16:46:24","Article","","0189-2657","https://api.elsevier.com/content/abstract/scopus_id/84977438877",23,4,318,322,3,0.38,3,1,8,"","",""
3,"O. Ogwumike","Physical activity level of postmenopausal women in Nigeria: Association with self-rated health status, overall obesity, and abdominal obesity",2016,"Women and Health","","","https://www.scopus.com/inward/citedby.uri?partnerID=HzOxMe3b&scp=84947996390&origin=inward",137,"2021-07-17 16:46:24","Article","10.1080/03630242.2015.1101735","0363-0242","https://api.elsevier.com/content/abstract/scopus_id/84947996390",56,5,487,501,3,0.60,3,1,5,"","",""
3,"V. Odili","Prevalence of overweight and obesity among pharmacy students in a University in Benin city, Nigeria",2014,"Tropical Journal of Pharmaceutical Research","","","https://www.scopus.com/inward/citedby.uri?partnerID=HzOxMe3b&scp=84918539433&origin=inward",138,"2021-07-17 16:46:24","Article","10.4314/tjpr.v13i12.23","1596-5996","https://api.elsevier.com/content/abstract/scopus_id/84918539433",13,12,2109,2114,3,0.43,3,1,7,"","",""
3,"L. Adebusoye","Factors associated with reported snoring among elderly patients attending the geriatric centre in Nigeria",2014,"Pan African Medical Journal","","","https://www.scopus.com/inward/citedby.uri?partnerID=HzOxMe3b&scp=84913530188&origin=inward",139,"2021-07-17 16:46:24","Article","10.11604/pamj.2014.19.309.5244","1937-8688","https://api.elsevier.com/content/abstract/scopus_id/84913530188",19,,,,3,0.43,3,1,7,"","",""
3,"E. Etukumana","Risk factors for diabetes mellitus among rural adults in Nigeria.",2014,"Nigerian journal of medicine : journal of the National Association of Resident Doctors of Nigeria","","","https://www.scopus.com/inward/citedby.uri?partnerID=HzOxMe3b&scp=84907249634&origin=inward",140,"2021-07-17 16:46:24","Article","","1115-2613","https://api.elsevier.com/content/abstract/scopus_id/84907249634",23,3,213,219,3,0.43,3,1,7,"","",""
3,"B.O. Oyelade","The relationship between obesity and peripheral arterial disease in adult Nigerian diabetics.",2014,"The Nigerian postgraduate medical journal","","","https://www.scopus.com/inward/citedby.uri?partnerID=HzOxMe3b&scp=84904393073&origin=inward",141,"2021-07-17 16:46:24","Article","","1117-1936","https://api.elsevier.com/content/abstract/scopus_id/84904393073",21,1,57,60,3,0.43,3,1,7,"","",""
3,"A. Idung","Overweight and obesity profiles in Niger Delta Region, Nigeria",2014,"African Journal of Primary Health Care and Family Medicine","","","https://www.scopus.com/inward/citedby.uri?partnerID=HzOxMe3b&scp=84900817556&origin=inward",142,"2021-07-17 16:46:24","Article","10.4102/phcfm.v6i1.542","2071-2928","https://api.elsevier.com/content/abstract/scopus_id/84900817556",6,1,,,3,0.43,3,1,7,"","",""
3,"E. Etukumana","Relationship of blood glucose levels with waist circumference, hip circumference and waist-hip ratio among rural adults in Nigeria",2014,"Asian Journal of Pharmaceutical and Clinical Research","","","https://www.scopus.com/inward/citedby.uri?partnerID=HzOxMe3b&scp=84891692852&origin=inward",143,"2021-07-17 16:46:24","Article","","0974-2441","https://api.elsevier.com/content/abstract/scopus_id/84891692852",7,1,204,206,3,0.43,3,1,7,"","",""
3,"C. Alikor","Prevalence of hyperuricaemia in a rural population of Nigerian Niger Delta region.",2013,"Nigerian journal of medicine : journal of the National Association of Resident Doctors of Nigeria","","","https://www.scopus.com/inward/citedby.uri?partnerID=HzOxMe3b&scp=84891637043&origin=inward",144,"2021-07-17 16:46:24","Article","","1115-2613","https://api.elsevier.com/content/abstract/scopus_id/84891637043",22,3,187,192,3,0.38,3,1,8,"","",""
3,"A. Edo","Relationships between hemoglobin A1c and spot glucose measurements in Nigerians with type 2 diabetes mellitus",2012,"Nigerian Journal of Clinical Practice","","","https://www.scopus.com/inward/citedby.uri?partnerID=HzOxMe3b&scp=84861608348&origin=inward",145,"2021-07-17 16:46:24","Article","10.4103/1119-3077.94091","1119-3077","https://api.elsevier.com/content/abstract/scopus_id/84861608348",15,1,23,26,3,0.33,3,1,9,"","",""
3,"A. Edo","Dyslipidaemia among Nigerian oil workers with type 2 diabetes mellitus",2011,"West African Journal of Medicine","","","https://www.scopus.com/inward/citedby.uri?partnerID=HzOxMe3b&scp=84861326791&origin=inward",146,"2021-07-17 16:46:24","Article","","0189-160X","https://api.elsevier.com/content/abstract/scopus_id/84861326791",30,3,206,209,3,0.30,3,1,10,"","",""
3,"J. Ekezie","Spousal similarities and differences in physical and cultural traits among the Igbo ethnic group in Nigeria",2008,"Internet Journal of Biological Anthropology","","","https://www.scopus.com/inward/citedby.uri?partnerID=HzOxMe3b&scp=70350314116&origin=inward",147,"2021-07-17 16:46:24","Article","","1939-4594","https://api.elsevier.com/content/abstract/scopus_id/70350314116",1,2,,,3,0.23,3,1,13,"","",""
3,"J. Orakwe","Can physique and gluteal size predict penile length in adult Nigerian men?",2006,"West African Journal of Medicine","","","https://www.scopus.com/inward/citedby.uri?partnerID=HzOxMe3b&scp=33846083095&origin=inward",148,"2021-07-17 16:46:24","Article","","0189-160X","https://api.elsevier.com/content/abstract/scopus_id/33846083095",25,3,223,225,3,0.20,3,1,15,"","",""
2,"T.H. Raimi","Triglyceride-Glucose Index and Related Parameters Predicted Metabolic Syndrome in Nigerians",2021,"Metabolic Syndrome and Related Disorders","","","https://www.scopus.com/inward/citedby.uri?partnerID=HzOxMe3b&scp=85102039284&origin=inward",149,"2021-07-17 16:46:24","Article","10.1089/met.2020.0092","1540-4196","https://api.elsevier.com/content/abstract/scopus_id/85102039284",19,2,76,82,2,2.00,2,1,1,"","",""
2,"O.A. Babatunde","10-year risk for cardiovascular diseases using WHO prediction chart: Findings from the civil servants in South-western Nigeria",2020,"BMC Cardiovascular Disorders","","","https://www.scopus.com/inward/citedby.uri?partnerID=HzOxMe3b&scp=85082790889&origin=inward",150,"2021-07-17 16:46:24","Article","10.1186/s12872-020-01438-9","1471-2261","https://api.elsevier.com/content/abstract/scopus_id/85082790889",20,1,,,2,2.00,2,1,1,"","",""
2,"H. Olaosebikan","Spectrum of musculoskeletal disorders in nigerians with types 2 diabetes mellitus: Prevalence and predictors",2019,"Reumatismo","","","https://www.scopus.com/inward/citedby.uri?partnerID=HzOxMe3b&scp=85078691029&origin=inward",151,"2021-07-17 16:46:24","Article","10.4081/reumatismo.2019.1232","0048-7449","https://api.elsevier.com/content/abstract/scopus_id/85078691029",71,4,209,217,2,1.00,2,1,2,"","",""
2,"C.A. Oladoyinbo","Risk factors for diabetes mellitus and hypertension among artisans in Ogun state, Nigeria",2020,"Nutrition and Food Science","","","https://www.scopus.com/inward/citedby.uri?partnerID=HzOxMe3b&scp=85074348929&origin=inward",152,"2021-07-17 16:46:24","Article","10.1108/NFS-01-2019-0007","0034-6659","https://api.elsevier.com/content/abstract/scopus_id/85074348929",50,4,695,710,2,2.00,2,1,1,"","",""
2,"E.N. Adejumo","Leptin: Adiponectin ratio discriminated the risk of metabolic syndrome better than adiponectin and leptin in Southwest Nigeria",2019,"Diabetes and Metabolic Syndrome: Clinical Research and Reviews","","https://api.elsevier.com/content/article/eid/1-s2.0-S1871402119301882","https://www.scopus.com/inward/citedby.uri?partnerID=HzOxMe3b&scp=85064448158&origin=inward",153,"2021-07-17 16:46:24","Article","10.1016/j.dsx.2019.04.008","1871-4021","https://api.elsevier.com/content/abstract/scopus_id/85064448158",13,3,1845,1849,2,1.00,2,1,2,"","",""
2,"I. Nnabugwu","The relationship between prevalence and severity of lower urinary tract symptoms (LUTS), and body mass index and mid-abdominal circumference in men in a resource-poor community in Southeast Nigeria: A cross-sectional survey",2019,"BMC Urology","","","https://www.scopus.com/inward/citedby.uri?partnerID=HzOxMe3b&scp=85061984988&origin=inward",154,"2021-07-17 16:46:24","Article","10.1186/s12894-019-0444-x","1471-2490","https://api.elsevier.com/content/abstract/scopus_id/85061984988",19,1,,,2,1.00,2,1,2,"","",""
2,"A.A. Akintunde","Renin activity and aldosterone assay among Nigerians with hypertension and normotension: An insight into normative values and clinical correlates",2018,"Current Hypertension Reviews","","","https://www.scopus.com/inward/citedby.uri?partnerID=HzOxMe3b&scp=85048970949&origin=inward",155,"2021-07-17 16:46:24","Article","10.2174/1573402114666171213145049","1573-4021","https://api.elsevier.com/content/abstract/scopus_id/85048970949",14,1,29,34,2,0.67,2,1,3,"","",""
2,"A. Akinboro","Cutaneous correlates of metabolic syndrome and its components in ogbomoso, Nigeria",2018,"Journal of Clinical and Diagnostic Research","","","https://www.scopus.com/inward/citedby.uri?partnerID=HzOxMe3b&scp=85048150754&origin=inward",156,"2021-07-17 16:46:24","Article","10.7860/JCDR/2018/34103.11600","2249-782X","https://api.elsevier.com/content/abstract/scopus_id/85048150754",12,6,,,2,0.67,2,1,3,"","",""
2,"F. Maruf","Perception, Knowledge, and Attitude toward Physical Activity Behaviour: Implications for Participation among Individuals with Essential Hypertension",2018,"High Blood Pressure and Cardiovascular Prevention","","","https://www.scopus.com/inward/citedby.uri?partnerID=HzOxMe3b&scp=85043378378&origin=inward",157,"2021-07-17 16:46:24","Article","10.1007/s40292-017-0235-y","1120-9879","https://api.elsevier.com/content/abstract/scopus_id/85043378378",25,1,53,60,2,0.67,2,1,3,"","",""
2,"Y.A. Adeyemi","Prevalence of metabolic syndrome among apparently healthy adults in Ogun state, Nigeria",2017,"Nutrition and Food Science","","","https://www.scopus.com/inward/citedby.uri?partnerID=HzOxMe3b&scp=85035756843&origin=inward",158,"2021-07-17 16:46:24","Article","10.1108/NFS-12-2016-0190","0034-6659","https://api.elsevier.com/content/abstract/scopus_id/85035756843",47,6,780,794,2,0.50,2,1,4,"","",""
2,"I.C. Udenze","Thyroid, cortisol and growth hormone levels in adult Nigerians with metabolic syndrome",2017,"The Pan African medical journal","","","https://www.scopus.com/inward/citedby.uri?partnerID=HzOxMe3b&scp=85021852106&origin=inward",159,"2021-07-17 16:46:24","Article","10.11604/pamj.2017.26.52.9909","1937-8688","https://api.elsevier.com/content/abstract/scopus_id/85021852106",26,,52,52,2,0.50,2,1,4,"","",""
2,"C.U. Nduka","Impact of body fat changes in mediating the effects of antiretroviral therapy on blood pressure in HIV-infected persons in a sub-Saharan African setting",2016,"Infectious Diseases of Poverty","","","https://www.scopus.com/inward/citedby.uri?partnerID=HzOxMe3b&scp=85007299083&origin=inward",160,"2021-07-17 16:46:24","Article","10.1186/s40249-016-0152-7","2095-5162","https://api.elsevier.com/content/abstract/scopus_id/85007299083",5,1,,,2,0.40,2,1,5,"","",""
2,"O. Folasire","Nutrition-related cancer prevention knowledge of undergraduate students at the university of Ibadan, Nigeria",2016,"South African Journal of Clinical Nutrition","","","https://www.scopus.com/inward/citedby.uri?partnerID=HzOxMe3b&scp=84998854156&origin=inward",161,"2021-07-17 16:46:24","Article","10.1080/16070658.2016.1217648","1607-0658","https://api.elsevier.com/content/abstract/scopus_id/84998854156",29,4,165,171,2,0.40,2,1,5,"","",""
2,"M. Fawale","Risk of obstructive sleep apnea, excessive daytime sleepiness and depressive symptoms in a Nigerian elderly population",2016,"Sleep Science","","https://api.elsevier.com/content/article/eid/1-s2.0-S1984006316300347","https://www.scopus.com/inward/citedby.uri?partnerID=HzOxMe3b&scp=84994709523&origin=inward",162,"2021-07-17 16:46:24","Article","10.1016/j.slsci.2016.05.005","1984-0659","https://api.elsevier.com/content/abstract/scopus_id/84994709523",9,2,106,111,2,0.40,2,1,5,"","",""
2,"S. Ogedengbe","Comparison of clinical and biochemical variables in type 2 diabetes mellitus patients and their first-degree relatives with metabolic syndrome in Benin City, Nigeria: A cross sectional case controlled study",2016,"Endocrine Regulations","","","https://www.scopus.com/inward/citedby.uri?partnerID=HzOxMe3b&scp=84981271722&origin=inward",163,"2021-07-17 16:46:24","Article","10.1515/enr-2016-0007","1210-0668","https://api.elsevier.com/content/abstract/scopus_id/84981271722",50,1,32,40,2,0.40,2,1,5,"","",""
2,"B. Omisore","Original research: Obesity prevalence and metabolic differences between obese and non-obese school adolescents in south-western Nigeria",2015,"South African Family Practice","","","https://www.scopus.com/inward/citedby.uri?partnerID=HzOxMe3b&scp=84937571931&origin=inward",164,"2021-07-17 16:46:24","Article","10.1080/20786190.2014.977010","2078-6190","https://api.elsevier.com/content/abstract/scopus_id/84937571931",57,3,,,2,0.33,2,1,6,"","",""
2,"O. Ogwumike","Musculoskeletal pain among postmenopausal women in Nigeria: Association with overall and central obesity",2016,"Hong Kong Physiotherapy Journal","","https://api.elsevier.com/content/article/eid/1-s2.0-S1013702515000238","https://www.scopus.com/inward/citedby.uri?partnerID=HzOxMe3b&scp=84937469323&origin=inward",165,"2021-07-17 16:46:24","Article","10.1016/j.hkpj.2015.06.001","1013-7025","https://api.elsevier.com/content/abstract/scopus_id/84937469323",34,,41,46,2,0.40,2,1,5,"","",""
2,"E.K. Oghagbon","Increased central adiposity may not underlie the marked elevation of IL-6 in diabetes mellitus patients in South-West, Nigeria",2014,"West African journal of medicine","","","https://www.scopus.com/inward/citedby.uri?partnerID=HzOxMe3b&scp=84930971517&origin=inward",166,"2021-07-17 16:46:24","Article","","0189-160X","https://api.elsevier.com/content/abstract/scopus_id/84930971517",33,2,130,135,2,0.29,2,1,7,"","",""
2,"O.R. Olaoye","Perception of weight and weight management practices among students of a tertiary institution in south west Nigeria",2012,"Journal of Applied Pharmaceutical Science","","","https://www.scopus.com/inward/citedby.uri?partnerID=HzOxMe3b&scp=84875877880&origin=inward",167,"2021-07-17 16:46:24","Article","","2231-3354","https://api.elsevier.com/content/abstract/scopus_id/84875877880",2,1,81,84,2,0.22,2,1,9,"","",""
2,"U. Nwagha","Parity related changes in obesity and some antioxidant vitamins in non-pregnant women of South-Eastern Nigeria",2012,"Nigerian Journal of Clinical Practice","","","https://www.scopus.com/inward/citedby.uri?partnerID=HzOxMe3b&scp=84871647557&origin=inward",168,"2021-07-17 16:46:24","Article","10.4103/1119-3077.104506","1119-3077","https://api.elsevier.com/content/abstract/scopus_id/84871647557",15,4,380,384,2,0.22,2,1,9,"","",""
2,"D. Goon","Abdominal body fatness among nigerian women: A study on the anthropometric index of waist-to-stature ratio",2010,"Pakistan Journal of Medical Sciences","","","https://www.scopus.com/inward/citedby.uri?partnerID=HzOxMe3b&scp=77957331058&origin=inward",169,"2021-07-17 16:46:24","Article","","1682-024X","https://api.elsevier.com/content/abstract/scopus_id/77957331058",26,3,577,580,2,0.18,2,1,11,"","",""
2,"R. Umar","Butyrylcholinesterase activity in Nigerian type 2 diabetics with and without metabolic syndrome",2010,"African Journal of Biotechnology","","","https://www.scopus.com/inward/citedby.uri?partnerID=HzOxMe3b&scp=77954849747&origin=inward",170,"2021-07-17 16:46:24","Article","","1684-5315","https://api.elsevier.com/content/abstract/scopus_id/77954849747",9,26,4110,4113,2,0.18,2,1,11,"","",""
2,"A. Igiri","Anthropometric measure and sexual dimorphism in young adult Nigerians resident in Calabar",2009,"Internet Journal of Biological Anthropology","","","https://www.scopus.com/inward/citedby.uri?partnerID=HzOxMe3b&scp=75449115787&origin=inward",171,"2021-07-17 16:46:24","Article","","1939-4594","https://api.elsevier.com/content/abstract/scopus_id/75449115787",2,2,,,2,0.17,2,1,12,"","",""
1,"O.P. Opreh","Prevalence and factors associated with hypertension among rural community dwellers in a local government area, South West Nigeria",2021,"African Health Sciences","","","https://www.scopus.com/inward/citedby.uri?partnerID=HzOxMe3b&scp=85104984639&origin=inward",172,"2021-07-17 16:46:24","Article","10.4314/ahs.v21i1.12","1680-6905","https://api.elsevier.com/content/abstract/scopus_id/85104984639",21,1,75,81,1,1.00,1,1,1,"","",""
1,"D. Adeloye","Estimating the prevalence of overweight and obesity in Nigeria in 2020: a systematic review and meta-analysis",2021,"Annals of Medicine","","","https://www.scopus.com/inward/citedby.uri?partnerID=HzOxMe3b&scp=85103387351&origin=inward",173,"2021-07-17 16:46:24","Review","10.1080/07853890.2021.1897665","0785-3890","https://api.elsevier.com/content/abstract/scopus_id/85103387351",53,1,495,507,1,1.00,1,1,1,"","",""
1,"E. Musa","Hypergonadotropic hypogonadism in Nigerian men with type 2 diabetes mellitus",2021,"Clinical Diabetology","","","https://www.scopus.com/inward/citedby.uri?partnerID=HzOxMe3b&scp=85103194601&origin=inward",174,"2021-07-17 16:46:24","Article","10.5603/DK.A2021.0002","2450-7458","https://api.elsevier.com/content/abstract/scopus_id/85103194601",10,1,129,137,1,1.00,1,1,1,"","",""
1,"T.O. Olanrewaju","Prevalence of chronic kidney disease and risk factors in North-Central Nigeria: a population-based survey",2020,"BMC Nephrology","","","https://www.scopus.com/inward/citedby.uri?partnerID=HzOxMe3b&scp=85095684784&origin=inward",175,"2021-07-17 16:46:24","Article","10.1186/s12882-020-02126-8","1471-2369","https://api.elsevier.com/content/abstract/scopus_id/85095684784",21,1,,,1,1.00,1,1,1,"","",""
1,"D.I. Musa","Association of fitness and fatness with clustered cardiovascular disease risk factors in Nigerian adolescents",2020,"International Journal of Environmental Research and Public Health","","","https://www.scopus.com/inward/citedby.uri?partnerID=HzOxMe3b&scp=85089688725&origin=inward",176,"2021-07-17 16:46:24","Article","10.3390/ijerph17165861","1661-7827","https://api.elsevier.com/content/abstract/scopus_id/85089688725",17,16,1,10,1,1.00,1,1,1,"","",""
1,"M.A. Akinola","Gastroesophageal reflux disease: Prevalence and Extraesophageal manifestations among undergraduate students in South West Nigeria",2020,"BMC Gastroenterology","","","https://www.scopus.com/inward/citedby.uri?partnerID=HzOxMe3b&scp=85085466514&origin=inward",177,"2021-07-17 16:46:24","Article","10.1186/s12876-020-01292-1","1471-230X","https://api.elsevier.com/content/abstract/scopus_id/85085466514",20,1,,,1,1.00,1,1,1,"","",""
1,"I.D. Gezawa","Pattern of obesity among patients with type 2 diabetes at a tertiary healthcare center in Northern Nigeria",2019,"Diabetes, Metabolic Syndrome and Obesity: Targets and Therapy","","","https://www.scopus.com/inward/citedby.uri?partnerID=HzOxMe3b&scp=85078550149&origin=inward",178,"2021-07-17 16:46:24","Article","10.2147/DMSO.S226054","1178-7007","https://api.elsevier.com/content/abstract/scopus_id/85078550149",12,,2785,2790,1,0.50,1,1,2,"","",""
1,"O.T. Yusuff","Cardiovascular Risk Indices and Their Impact on Outcome in Patients with Hyperglycaemic Emergencies in a Nigerian Hospital",2020,"Journal of the National Medical Association","","https://api.elsevier.com/content/article/eid/1-s2.0-S002796841930255X","https://www.scopus.com/inward/citedby.uri?partnerID=HzOxMe3b&scp=85077997889&origin=inward",179,"2021-07-17 16:46:24","Article","10.1016/j.jnma.2019.12.004","0027-9684","https://api.elsevier.com/content/abstract/scopus_id/85077997889",112,1,28,35,1,1.00,1,1,1,"","",""
1,"O.A. Michael","The relationship between measures of obesity and atherogenic lipids among Nigerians with hypertension",2019,"Malawi Medical Journal","","","https://www.scopus.com/inward/citedby.uri?partnerID=HzOxMe3b&scp=85075175971&origin=inward",180,"2021-07-17 16:46:24","Article","10.4314/mmj.v31i3.5","1995-7262","https://api.elsevier.com/content/abstract/scopus_id/85075175971",31,3,193,197,1,0.50,1,1,2,"","",""
1,"O.R. Ibrahim","Prevalence and risk factors for hypertension among school children in Ilorin, Northcentral Nigeria",2019,"Journal of Family and Community Medicine","","","https://www.scopus.com/inward/citedby.uri?partnerID=HzOxMe3b&scp=85072530198&origin=inward",181,"2021-07-17 16:46:24","Article","10.4103/jfcm.JFCM_42_19","2230-8229","https://api.elsevier.com/content/abstract/scopus_id/85072530198",26,3,181,186,1,0.50,1,1,2,"","",""
1,"S. Ogbonna","Risk factors of thyroid dysfunction in patients with type 2 diabetes mellitus",2019,"Frontiers in Endocrinology","","","https://www.scopus.com/inward/citedby.uri?partnerID=HzOxMe3b&scp=85069501451&origin=inward",182,"2021-07-17 16:46:24","Article","10.3389/fendo.2019.00440","1664-2392","https://api.elsevier.com/content/abstract/scopus_id/85069501451",10,,,,1,0.50,1,1,2,"","",""
1,"A. Otu","Prevalence of type 2 diabetes mellitus in Southern Cross River: a cross-sectional observational survey",2018,"International Journal of Diabetes in Developing Countries","","","https://www.scopus.com/inward/citedby.uri?partnerID=HzOxMe3b&scp=85058802073&origin=inward",183,"2021-07-17 16:46:24","Article","10.1007/s13410-018-0606-5","0973-3930","https://api.elsevier.com/content/abstract/scopus_id/85058802073",38,4,450,455,1,0.33,1,1,3,"","",""
1,"K.O. Akande","The prevalence of gastro-oesophageal reflux disease and its relationship with diet and obesity among public school teachers in Abeokuta, south-west Nigeria",2018,"Tanzania Journal of Health Research","","","https://www.scopus.com/inward/citedby.uri?partnerID=HzOxMe3b&scp=85055151019&origin=inward",184,"2021-07-17 16:46:24","Article","10.4314/thrb.v20i4.7","1821-6404","https://api.elsevier.com/content/abstract/scopus_id/85055151019",20,4,,,1,0.33,1,1,3,"","",""
1,"E.I. Onwubuya","Prevalence of overweight and obesity and assessment of lipid profile and fasting blood glucose levels among female premedical students at Nnamdi Azikiwe University, Nnewi Campus, Nigeria",2018,"Asian Journal of Pharmaceutical and Clinical Research","","","https://www.scopus.com/inward/citedby.uri?partnerID=HzOxMe3b&scp=85049862580&origin=inward",185,"2021-07-17 16:46:24","Article","10.22159/ajpcr.2018.v11i7.26500","0974-2441","https://api.elsevier.com/content/abstract/scopus_id/85049862580",11,7,481,486,1,0.33,1,1,3,"","",""
1,"M. Oluwasanu","Effects of a multi-level intervention on the pattern of physical activity among in-school adolescents in Oyo state Nigeria: A cluster randomised trial",2017,"BMC Public Health","","","https://www.scopus.com/inward/citedby.uri?partnerID=HzOxMe3b&scp=85032172322&origin=inward",186,"2021-07-17 16:46:24","Article","10.1186/s12889-017-4781-y","1471-2458","https://api.elsevier.com/content/abstract/scopus_id/85032172322",17,1,,,1,0.25,1,1,4,"","",""
1,"A. Yerima","Knee osteoarthritis and associated cardio-metabolic clusters in a tertiary hospital in Nigeria",2017,"Clinical Rheumatology","","","https://www.scopus.com/inward/citedby.uri?partnerID=HzOxMe3b&scp=85029460498&origin=inward",187,"2021-07-17 16:46:24","Article","10.1007/s10067-017-3816-1","0770-3198","https://api.elsevier.com/content/abstract/scopus_id/85029460498",36,11,2541,2548,1,0.25,1,1,4,"","",""
1,"D.T. Goon","Low body mass index of indigenous andibila community residing at high altitude in Oju, Nigeria: Who cares?",2017,"Pakistan Journal of Nutrition","","","https://www.scopus.com/inward/citedby.uri?partnerID=HzOxMe3b&scp=85026756559&origin=inward",188,"2021-07-17 16:46:24","Article","10.3923/pjn.2017.557.561","1680-5194","https://api.elsevier.com/content/abstract/scopus_id/85026756559",16,7,557,561,1,0.25,1,1,4,"","",""
1,"A. Onifade","Non-reliability of beta-2 microglobulin and Neopterin as short-term immunological markers of HIV progression",2016,"African Journal of Biomedical Research","","","https://www.scopus.com/inward/citedby.uri?partnerID=HzOxMe3b&scp=85013124252&origin=inward",189,"2021-07-17 16:46:24","Article","","1119-5096","https://api.elsevier.com/content/abstract/scopus_id/85013124252",19,3,205,212,1,0.20,1,1,5,"","",""
1,"C. Okafor","Performance of waist circumference and proposed cutoff levels for defining overweight and obesity in Nigerians",2016,"Annals of African Medicine","","","https://www.scopus.com/inward/citedby.uri?partnerID=HzOxMe3b&scp=84999271456&origin=inward",190,"2021-07-17 16:46:24","Article","10.4103/1596-3519.194275","1596-3519","https://api.elsevier.com/content/abstract/scopus_id/84999271456",15,4,185,193,1,0.20,1,1,5,"","",""
1,"A. Odili","Blood pressure indices, life-style factors and anthropometric correlates of casual blood glucose in a rural Nigerian community",2015,"Annals of African Medicine","","","https://www.scopus.com/inward/citedby.uri?partnerID=HzOxMe3b&scp=84930513541&origin=inward",191,"2021-07-17 16:46:24","Article","10.4103/1596-3519.148735","1596-3519","https://api.elsevier.com/content/abstract/scopus_id/84930513541",14,1,39,45,1,0.17,1,1,6,"","",""
1,"J. Ummunah","Relationship between isometric endurance of back extensor muscles and selected anthropometric indices among some Nigerian undergraduates",2014,"Journal of Back and Musculoskeletal Rehabilitation","","","https://www.scopus.com/inward/citedby.uri?partnerID=HzOxMe3b&scp=84928212302&origin=inward",192,"2021-07-17 16:46:24","Article","10.3233/BMR-130446","1053-8127","https://api.elsevier.com/content/abstract/scopus_id/84928212302",27,3,291,298,1,0.14,1,1,7,"","",""
1,"C. Okereke","The effect of gravidity on anthropometric indices of pregnant women in Enugu, South East, Nigeria",2012,"African Journal of Biomedical Research","","","https://www.scopus.com/inward/citedby.uri?partnerID=HzOxMe3b&scp=84880640104&origin=inward",193,"2021-07-17 16:46:24","Article","","1119-5096","https://api.elsevier.com/content/abstract/scopus_id/84880640104",15,3,165,170,1,0.11,1,1,9,"","",""
1,"A. Emeka","Thigh circumference; an index for accessing cardiovascular disease risk in the Igbos of Nigeria",2011,"Australian Journal of Basic and Applied Sciences","","","https://www.scopus.com/inward/citedby.uri?partnerID=HzOxMe3b&scp=81755189049&origin=inward",194,"2021-07-17 16:46:24","Article","","1991-8178","https://api.elsevier.com/content/abstract/scopus_id/81755189049",5,9,61,67,1,0.10,1,1,10,"","",""
1,"D. Goon","Can waist circumference be estimated from BMI in Nigerian children?",2011,"Gazzetta Medica Italiana Archivio per le Scienze Mediche","","","https://www.scopus.com/inward/citedby.uri?partnerID=HzOxMe3b&scp=79961000613&origin=inward",195,"2021-07-17 16:46:24","Article","","0393-3660","https://api.elsevier.com/content/abstract/scopus_id/79961000613",170,4,225,228,1,0.10,1,1,10,"","",""
1,"E.T. Adebayo","The prevalence of obesity in a Nigerian military population",2011,"TAF Preventive Medicine Bulletin","","","https://www.scopus.com/inward/citedby.uri?partnerID=HzOxMe3b&scp=79959994091&origin=inward",196,"2021-07-17 16:46:24","Article","10.5455/pmb.20110426121426","1303-734X","https://api.elsevier.com/content/abstract/scopus_id/79959994091",10,3,313,318,1,0.10,1,1,10,"","",""
0,"O.O. Folahan","Food consumption score, dietary habits and anthropometric indices of market traders in owo township, Ondo State, Nigeria",2020,"Nigerian Journal of Nutritional Sciences","","","https://www.scopus.com/inward/citedby.uri?partnerID=HzOxMe3b&scp=85109033492&origin=inward",197,"2021-07-17 16:46:24","Article","","0189-0913","https://api.elsevier.com/content/abstract/scopus_id/85109033492",41,2,109,119,0,0.00,0,1,1,"","",""
0,"P.N. Ani","Socio-demographic factors and health status of adults with disability in Enugu Metropolis, Nigeria",2021,"Malawi Medical Journal","","","https://www.scopus.com/inward/citedby.uri?partnerID=HzOxMe3b&scp=85105601021&origin=inward",198,"2021-07-17 16:46:24","Article","10.4314/mmj.v33i1.6","1995-7262","https://api.elsevier.com/content/abstract/scopus_id/85105601021",33,1,37,47,0,0.00,0,1,1,"","",""
0,"L. Ogunjimi","Cognitive dysfunction in Nigerian women with epilepsy on carbamazepine and levetiracetam monotherapy",2021,"Brain and Behavior","","","https://www.scopus.com/inward/citedby.uri?partnerID=HzOxMe3b&scp=85102006588&origin=inward",199,"2021-07-17 16:46:24","Article","10.1002/brb3.2038","2162-3279","https://api.elsevier.com/content/abstract/scopus_id/85102006588",11,4,,,0,0.00,0,1,1,"","",""
0,"O. Adegoke","Prevalence of obesity and an interrogation of the correlation between anthropometric indices and blood pressures in urban Lagos, Nigeria",2021,"Scientific Reports","","","https://www.scopus.com/inward/citedby.uri?partnerID=HzOxMe3b&scp=85100978653&origin=inward",200,"2021-07-17 16:46:24","Article","10.1038/s41598-021-83055-w","2045-2322","https://api.elsevier.com/content/abstract/scopus_id/85100978653",11,1,,,0,0.00,0,1,1,"","",""
